ID,Incident_Date,State,CityorCounty,Num_Killed,Num_Injured
2322582,6-Jun-22,Ohio,Cleveland,1,0
2322940,5-Jun-22,South Carolina,Mount Croghan,1,0
2321704,4-Jun-22,Louisiana,Des Allemands,1,0
2318085,31-May-22,Ohio,Cleveland,1,0
2315205,28-May-22,Michigan,Grand Rapids,1,0
2322579,26-May-22,Florida,Orlando,1,0
2312692,26-May-22,Indiana,Indianapolis,1,0
2313469,26-May-22,Washington,Spanaway,1,0
2313112,25-May-22,West Virginia,Huntington,1,0
2312649,25-May-22,Oklahoma,Enid,1,0
2314313,23-May-22,Georgia,Moultrie,1,0
2310152,22-May-22,Arizona,Phoenix,1,0
2308610,21-May-22,Utah,Salt Lake City (West Valley City),1,0
2307608,20-May-22,North Carolina,Roanoke Rapids,1,0
2307218,20-May-22,Arizona,Tempe,1,0
2305354,18-May-22,Ohio,Bucyrus,1,0
2305610,18-May-22,Louisiana,Baton Rouge,1,0
2309708,17-May-22,Arizona,Phoenix,1,0
2305630,17-May-22,Delaware,Georgetown,1,0
2303670,16-May-22,New York,Bronx,1,0
2303515,16-May-22,Wisconsin,Blue Mounds,1,0
2304173,16-May-22,Iowa,Ankeny,1,0
2303474,15-May-22,Colorado,Commerce City,1,0
2301663,13-May-22,Arizona,Phoenix,1,0
2300812,12-May-22,North Carolina,Statesville,1,0
2297984,9-May-22,Tennessee,Johnson City (Gray),1,0
2297952,8-May-22,North Carolina,Rocky Mount,1,0
2301979,7-May-22,Texas,Trent,1,0
2296058,6-May-22,Washington,Pullman,1,0
2295738,5-May-22,Texas,Dallas,1,0
2296002,5-May-22,Alabama,Dutton,1,0
2293994,4-May-22,New York,Brooklyn,1,0
2294003,3-May-22,Georgia,Valdosta,1,0
2293216,3-May-22,Florida,Pembroke Pines,1,0
2293685,2-May-22,Arkansas,Sherwood,1,0
2292748,2-May-22,Texas,Katy,1,0
2293282,1-May-22,Nebraska,Aurora,1,0
2291903,1-May-22,Louisiana,Shreveport,1,0
2291798,30-Apr-22,Indiana,South Bend,1,0
2288933,26-Apr-22,Minnesota,Lake Lillian,1,0
2288433,26-Apr-22,Louisiana,New Orleans,1,0
2286385,24-Apr-22,South Carolina,Scranton,1,0
2285521,23-Apr-22,Texas,Houston,1,0
2285738,23-Apr-22,Louisiana,Lafayette,1,0
2283611,19-Apr-22,Indiana,Evansville,1,0
2282234,18-Apr-22,Minnesota,Lynd,1,0
2281849,17-Apr-22,Colorado,Denver,1,0
2281993,16-Apr-22,New York,Corona (Queens),1,0
2280526,15-Apr-22,Minnesota,Minneapolis,1,0
2280916,15-Apr-22,Ohio,Cleveland (South Euclid),1,0
2278104,13-Apr-22,Nevada,Henderson,1,0
2277989,13-Apr-22,Texas,Houston,1,1
2276842,12-Apr-22,New York,Bronx,1,0
2278012,12-Apr-22,Louisiana,Baton Rouge,1,0
2278610,12-Apr-22,North Carolina,Albemarle,1,0
2275952,11-Apr-22,Alabama,Opelika,1,0
2275528,10-Apr-22,Georgia,Columbus,1,0
2277765,10-Apr-22,Texas,El Paso,1,0
2278321,10-Apr-22,Idaho,Rathdrum,1,0
2276006,10-Apr-22,Colorado,Fort Collins,1,0
2275526,9-Apr-22,Montana,Billings,1,0
2275341,9-Apr-22,Texas,Waco,1,0
2273835,8-Apr-22,Georgia,Stone Mountain,1,0
2274050,8-Apr-22,Ohio,Vinton,1,0
2273983,7-Apr-22,Texas,Houston,1,0
2273462,7-Apr-22,Texas,Houston,1,0
2274219,7-Apr-22,Oklahoma,Kingfisher,1,0
2271885,6-Apr-22,Texas,Burkburnett,1,0
2272836,6-Apr-22,Tennessee,Nashville,1,0
2271185,5-Apr-22,Pennsylvania,Chester,1,0
2271766,5-Apr-22,Mississippi,Bay Saint Louis (Bayside Park),1,0
2270300,3-Apr-22,Florida,Jacksonville,1,0
2271796,3-Apr-22,Arizona,Chino Valley,1,0
2271187,3-Apr-22,Florida,Belleview,1,0
2268578,1-Apr-22,Louisiana,Shreveport,1,1
2278822,1-Apr-22,Washington,Sedro Woolley,1,0
2267050,31-Mar-22,Texas,Houston,1,0
2266832,29-Mar-22,Missouri,Saint Louis,1,0
2265633,28-Mar-22,Georgia,Atlanta,1,0
2264686,28-Mar-22,Texas,Dallas,1,0
2265089,27-Mar-22,Tennessee,Memphis,1,0
2262881,25-Mar-22,Missouri,Saint Louis,2,0
2262737,24-Mar-22,Minnesota,Minneapolis,1,0
2262573,24-Mar-22,Ohio,Akron,1,0
2261209,23-Mar-22,Tennessee,Talbott,1,0
2260829,22-Mar-22,Ohio,Cleveland,1,0
2258733,20-Mar-22,Louisiana,New Orleans,1,0
2257972,18-Mar-22,California,Santa Rosa,1,0
2258607,18-Mar-22,Ohio,Fremont,1,0
2256026,17-Mar-22,Texas,San Angelo,1,0
2254521,15-Mar-22,Texas,Lubbock,1,0
2254381,14-Mar-22,Tennessee,Ripley,1,0
2252422,12-Mar-22,Louisiana,Baton Rouge,1,0
2252244,12-Mar-22,Pennsylvania,Philadelphia,1,0
2252761,12-Mar-22,Nebraska,Omaha (Millard),1,0
2253196,12-Mar-22,Illinois,Dolton,1,0
2252105,12-Mar-22,Alaska,North Pole,1,0
2253591,12-Mar-22,Illinois,Springfield,1,0
2251822,11-Mar-22,Tennessee,Memphis,1,0
2254406,11-Mar-22,Missouri,Butler,1,0
2251037,10-Mar-22,Tennessee,Soddy Daisy,1,0
2251565,10-Mar-22,Nevada,Las Vegas,1,0
2250600,9-Mar-22,Alabama,Clanton,1,0
2247352,5-Mar-22,Texas,Waco,1,1
2248782,4-Mar-22,New York,Buffalo,1,0
2245739,2-Mar-22,Texas,Austin,1,0
2245905,1-Mar-22,Arizona,Phoenix,1,0
2243899,28-Feb-22,Pennsylvania,Coatesville,1,0
2243381,27-Feb-22,Georgia,Lithonia,1,0
2241362,24-Feb-22,Indiana,Peru,1,0
2241851,24-Feb-22,Georgia,Milledgeville,1,0
2244627,24-Feb-22,Georgia,Statesboro,1,0
2240997,23-Feb-22,Georgia,Atlanta,1,0
2239005,21-Feb-22,Texas,San Antonio,2,1
2239050,19-Feb-22,Ohio,Lima,1,0
2237971,19-Feb-22,Texas,Robstown,1,0
2236737,17-Feb-22,California,Norwalk,1,1
2236276,16-Feb-22,Arizona,Sierra Vista,1,0
2234451,14-Feb-22,Alabama,Bessemer,1,0
2234293,14-Feb-22,Texas,Houston,1,0
2233135,13-Feb-22,North Carolina,Siler City,1,0
2233298,13-Feb-22,Rhode Island,Johnston,1,0
2237539,13-Feb-22,Mississippi,Jackson,1,0
2272168,13-Feb-22,Nevada,Pahrump,1,0
2232526,12-Feb-22,Michigan,Detroit,1,0
2230893,9-Feb-22,District of Columbia,Washington,1,0
2231225,9-Feb-22,Alabama,Demopolis,1,0
2230809,9-Feb-22,District of Columbia,Washington,1,0
2229726,8-Feb-22,Alabama,Tuscaloosa,1,0
2230752,8-Feb-22,Oregon,Wolf Creek,2,0
2230367,8-Feb-22,Texas,Garland,1,0
2228803,7-Feb-22,Texas,Brackettville,1,0
2230735,5-Feb-22,Kansas,Wichita,1,0
2227615,5-Feb-22,Texas,Port Arthur,1,0
2227028,4-Feb-22,Indiana,South Bend,1,0
2226010,3-Feb-22,Georgia,Griffin,1,0
2226204,3-Feb-22,Texas,San Antonio,1,0
2226545,3-Feb-22,Texas,Houston,1,0
2226136,2-Feb-22,Mississippi,Jackson,1,0
2225058,1-Feb-22,Michigan,Detroit,2,0
2224250,1-Feb-22,Georgia,Columbus,1,0
2224487,1-Feb-22,Illinois,Chicago,1,1
2223936,31-Jan-22,Utah,Echo,1,0
2253936,30-Jan-22,Florida,Vero Beach,1,0
2223090,30-Jan-22,Texas,San Antonio,0,1
2223433,29-Jan-22,Washington,Battle Ground,1,0
2223068,29-Jan-22,Alabama,Valley (Langdale),1,0
2222988,29-Jan-22,Louisiana,Westwego (Bridge City),1,0
2221352,27-Jan-22,North Carolina,Benson,1,0
2221488,27-Jan-22,District of Columbia,Washington,1,0
2221152,26-Jan-22,Maryland,Oxon Hill,1,0
2220645,25-Jan-22,Iowa,Ankeny,1,0
2221493,20-Jan-22,Missouri,Saint Louis (Berkeley),1,1
2217125,20-Jan-22,Tennessee,Nashville,1,0
2214531,17-Jan-22,Missouri,Columbia,1,0
2212218,15-Jan-22,Wisconsin,Milwaukee,1,0
2210422,13-Jan-22,Texas,Lubbock,1,0
2210266,12-Jan-22,Florida,Panama City (Callaway),1,0
2210478,12-Jan-22,Georgia,Atlanta,1,0
2209838,12-Jan-22,Arizona,Phoenix,1,0
2210511,12-Jan-22,Tennessee,Memphis,1,0
2209185,11-Jan-22,Alabama,Bessemer (Hueytown),1,0
2208442,8-Jan-22,Kentucky,West Liberty,1,0
2206517,7-Jan-22,North Carolina,Mocksville,1,0
2208974,7-Jan-22,Arizona,Tempe,1,0
2205692,3-Jan-22,Mississippi,Philadelphia,1,0
2206763,3-Jan-22,Mississippi,Dixon,1,0
2202944,2-Jan-22,Louisiana,Shreveport,1,0
2204803,1-Jan-22,Texas,Mcallen,1,0
2201856,31-Dec-21,North Carolina,Durham,1,0
2201117,31-Dec-21,Georgia,Griffin,1,0
2202057,31-Dec-21,Wisconsin,Stoughton,1,0
2200960,31-Dec-21,North Dakota,Williston,1,0
2199766,29-Dec-21,Ohio,Columbus,1,0
2199289,27-Dec-21,North Carolina,Beulaville,1,0
2203442,27-Dec-21,Mississippi,Philadelphia,1,0
2198740,27-Dec-21,Ohio,Youngstown,1,0
2200121,27-Dec-21,Texas,Gladewater,1,0
2196844,25-Dec-21,North Carolina,Hendersonville,1,0
2199383,25-Dec-21,Mississippi,Canton,1,0
2196475,24-Dec-21,Missouri,Independence,1,0
2195525,23-Dec-21,California,North Hollywood,2,0
2196089,23-Dec-21,Texas,Burkburnett,1,0
2196657,23-Dec-21,Louisiana,New Orleans,1,0
2195175,22-Dec-21,Louisiana,Jeanerette,1,0
2194857,21-Dec-21,Alabama,Birmingham (Ensley),1,0
2193262,19-Dec-21,Ohio,Van Wert,1,0
2193547,19-Dec-21,South Carolina,Columbia,1,0
2192768,18-Dec-21,Florida,Port Saint Lucie,1,0
2192674,18-Dec-21,Illinois,Chicago,1,0
2193914,18-Dec-21,Virginia,Fredericksburg,1,0
2191477,16-Dec-21,Texas,Port Lavaca,1,0
2190724,15-Dec-21,Georgia,Bainbridge,1,0
2189953,14-Dec-21,Texas,Manor,1,0
2188213,12-Dec-21,California,Chula Vista,1,0
2190929,11-Dec-21,Georgia,Monticello,1,0
2186998,10-Dec-21,Florida,West Palm Beach,1,0
2187023,10-Dec-21,Florida,Jacksonville,1,0
2186328,8-Dec-21,New Mexico,Rio Rancho,1,0
2185474,8-Dec-21,Texas,Dallas,1,0
2183755,5-Dec-21,Tennessee,Buchanan,1,0
2183286,5-Dec-21,Georgia,Savannah,1,0
2182238,4-Dec-21,Iowa,Knoxville,1,0
2184789,4-Dec-21,Missouri,Kahoka,1,0
2183429,3-Dec-21,South Carolina,Port Royal,1,0
2182094,3-Dec-21,Texas,San Antonio,1,0
2181438,3-Dec-21,Kentucky,Pineville,1,0
2182295,2-Dec-21,West Virginia,Twilight,1,0
2179980,1-Dec-21,Georgia,Columbus,1,0
2180515,1-Dec-21,Massachusetts,Northampton,1,0
2178901,30-Nov-21,Virginia,Covington,1,0
2177873,29-Nov-21,Kansas,Wichita,1,0
2180460,28-Nov-21,Montana,Conner,1,0
2177762,28-Nov-21,Texas,Dallas,1,0
2178037,28-Nov-21,Ohio,Toledo,1,0
2176740,27-Nov-21,Pennsylvania,Mineral Point,1,0
2176759,27-Nov-21,North Carolina,Charlotte,1,0
2176729,27-Nov-21,Texas,Hallsville,1,0
2176523,25-Nov-21,California,San Diego,1,0
2175762,25-Nov-21,Minnesota,Minneapolis (Brooklyn Park),1,0
2176170,25-Nov-21,Georgia,Atlanta,1,0
2175125,25-Nov-21,Pennsylvania,Bally,1,0
2175523,25-Nov-21,New York,Phelps,1,0
2180035,23-Nov-21,South Carolina,New Zion,1,0
2174343,23-Nov-21,Wisconsin,Saxon,1,0
2174201,22-Nov-21,New Hampshire,Derry,1,0
2173281,22-Nov-21,Pennsylvania,Pittsburgh,1,0
2173053,22-Nov-21,Pennsylvania,Pittsburgh,1,0
2172398,21-Nov-21,Kentucky,Shelbyville,1,0
2172458,20-Nov-21,Missouri,Saint Louis,1,0
2172408,20-Nov-21,Pennsylvania,Pittsburgh,1,0
2173103,20-Nov-21,Texas,Terrell,1,0
2172240,20-Nov-21,Texas,Amarillo,1,0
2171971,20-Nov-21,Pennsylvania,Columbus,1,0
2169312,16-Nov-21,Georgia,Perry,1,1
2167322,14-Nov-21,Colorado,Aurora,1,0
2167392,14-Nov-21,Texas,Mckinney,1,0
2170008,14-Nov-21,Texas,Houston,1,0
2167037,14-Nov-21,Texas,Houston,1,0
2167422,13-Nov-21,Nebraska,Virginia,1,0
2166371,13-Nov-21,Georgia,Atlanta,1,0
2165859,13-Nov-21,Alabama,Mobile,1,0
2167270,13-Nov-21,Georgia,Nashville,1,1
2164863,11-Nov-21,Minnesota,Minneapolis (Brooklyn Center),1,0
2163997,10-Nov-21,Ohio,Zanesville,2,0
2163895,9-Nov-21,Texas,Beaumont,1,0
2163725,9-Nov-21,Missouri,Kansas City,1,0
2164195,8-Nov-21,South Carolina,Mc Coll,1,0
2181186,8-Nov-21,Pennsylvania,Langhorne,1,0
2161546,7-Nov-21,South Carolina,Greenville,1,1
2289434,7-Nov-21,Ohio,Youngstown,1,0
2159609,2-Nov-21,South Carolina,Charleston,1,0
2156847,1-Nov-21,Tennessee,Nashville,1,0
2159578,1-Nov-21,North Carolina,Salisbury,1,0
2155735,31-Oct-21,Colorado,Denver,1,0
2155786,30-Oct-21,California,Compton,1,0
2241941,29-Oct-21,Virginia,Newport News,1,0
2155185,29-Oct-21,Florida,Tallahassee,1,0
2154648,29-Oct-21,South Carolina,Columbia,1,0
2153925,28-Oct-21,Alabama,Riverside,1,0
2153114,28-Oct-21,Texas,Houston,1,0
2152726,27-Oct-21,Vermont,Vergennes (Addison),1,0
2210313,27-Oct-21,Oregon,Ashland,1,0
2152151,26-Oct-21,Alabama,Greensboro,1,0
2150890,26-Oct-21,Tennessee,Nashville,1,0
2151494,25-Oct-21,Pennsylvania,Harrisburg,1,0
2153488,25-Oct-21,Montana,Pinesdale,1,0
2151242,25-Oct-21,Ohio,Canton,1,0
2150576,25-Oct-21,Tennessee,Cleveland,1,0
2156411,24-Oct-21,Texas,Leonard,1,0
2150400,23-Oct-21,Indiana,Jeffersonville (Utica),1,0
2148563,23-Oct-21,Illinois,Chicago,1,0
2149166,22-Oct-21,Michigan,Clinton Township (Clinton Twp),1,0
2147494,21-Oct-21,New Mexico,Santa Fe,1,1
2147566,21-Oct-21,North Carolina,Kannapolis,1,0
2146786,20-Oct-21,North Carolina,Hendersonville,1,0
2146467,20-Oct-21,Ohio,Cincinnati,1,0
2145945,19-Oct-21,Pennsylvania,Philadelphia,1,0
2145183,18-Oct-21,Texas,Elsa,1,0
2144177,17-Oct-21,Illinois,Zion,1,0
2144081,17-Oct-21,Georgia,West Point,1,0
2142565,16-Oct-21,South Carolina,Greenville,1,0
2142753,14-Oct-21,Ohio,Akron,1,0
2141217,14-Oct-21,Arizona,Peoria,1,0
2136751,9-Oct-21,Missouri,Independence,1,0
2136570,8-Oct-21,Florida,Cocoa Beach,1,0
2135002,7-Oct-21,Florida,Jacksonville,1,0
2140128,6-Oct-21,Texas,Dallas,1,0
2140753,6-Oct-21,Wyoming,Ten Sleep,1,0
2130850,1-Oct-21,North Carolina,Charlotte,1,0
2129539,30-Sep-21,Florida,Saint Augustine (St Augustine),1,0
2129020,29-Sep-21,Mississippi,Laurel,1,0
2128369,28-Sep-21,Wisconsin,Madison (Fitchburg),1,0
2128582,28-Sep-21,Indiana,Westfield,1,0
2127839,28-Sep-21,New York,Brooklyn,1,0
2129284,27-Sep-21,Kansas,Hays,1,0
2126505,26-Sep-21,Texas,Port Arthur,1,0
2130461,25-Sep-21,Georgia,Duluth,1,0
2123099,22-Sep-21,Texas,Waco,1,0
2205701,19-Sep-21,Arkansas,Eureka Springs,1,0
2119057,18-Sep-21,Wisconsin,Milwaukee,1,0
2120012,17-Sep-21,Colorado,Dolores,1,0
2118593,17-Sep-21,Kansas,Lawrence,1,0
2118466,16-Sep-21,Texas,San Marcos,1,0
2118394,15-Sep-21,Illinois,Joliet,1,0
2117257,15-Sep-21,New York,Rochester,1,0
2115900,13-Sep-21,Georgia,Atlanta,1,0
2115854,13-Sep-21,Florida,Parrish,1,0
2114784,12-Sep-21,North Carolina,Salisbury,1,0
2121284,12-Sep-21,Arkansas,Arkadelphia,1,0
2121291,11-Sep-21,Alaska,Chicken,1,0
2113550,11-Sep-21,Tennessee,Memphis,1,0
2117622,11-Sep-21,California,Forbestown,1,0
2113166,10-Sep-21,Georgia,Macon,1,0
2112989,9-Sep-21,Mississippi,Horn Lake,1,0
2117048,9-Sep-21,Illinois,Polo,1,0
2111306,8-Sep-21,Missouri,Saint Louis,1,1
2111032,8-Sep-21,Texas,San Antonio,1,0
2110058,7-Sep-21,Texas,Houston,1,0
2108023,4-Sep-21,New York,New York (Manhattan),1,1
2108630,4-Sep-21,Texas,Dallas,1,0
2107882,3-Sep-21,North Carolina,Winston Salem (Winston-salem),1,0
2106807,3-Sep-21,Texas,Houston,1,0
2107554,3-Sep-21,Florida,Panama City,1,1
2107195,3-Sep-21,Arizona,Casa Grande,1,0
2107176,1-Sep-21,Michigan,Roseville,1,0
2105820,1-Sep-21,Illinois,Chicago,1,0
2105606,31-Aug-21,Indiana,Fremont,1,0
2294860,29-Aug-21,Florida,Tampa,1,0
2128223,29-Aug-21,Michigan,Detroit,1,0
2104404,29-Aug-21,New Jersey,Newark,1,0
2103807,29-Aug-21,Oklahoma,Tulsa,1,0
2103349,28-Aug-21,Oklahoma,Oklahoma City,1,0
2101870,27-Aug-21,Tennessee,Memphis,1,0
2101524,27-Aug-21,Tennessee,Memphis,1,0
2101044,26-Aug-21,Mississippi,Canton,2,1
2102827,26-Aug-21,Florida,Crawfordville,1,0
2101237,25-Aug-21,Florida,Holt,1,0
2099712,24-Aug-21,New Mexico,Clovis,1,0
2100311,24-Aug-21,Indiana,Richmond,1,0
2100249,24-Aug-21,Louisiana,Arcadia,1,0
2098732,23-Aug-21,Georgia,Albany,1,0
2098283,22-Aug-21,North Carolina,Winston Salem (Winston-salem),1,0
2097513,21-Aug-21,California,Guadalupe,1,0
2097200,21-Aug-21,Minnesota,Minneapolis (Brooklyn Center),1,0
2123189,20-Aug-21,Pennsylvania,Harrisburg,1,0
2096906,20-Aug-21,Kansas,Hays,1,0
2095383,19-Aug-21,New York,Brooklyn,1,1
2094873,19-Aug-21,Texas,Weslaco,1,0
2092834,16-Aug-21,Nevada,Henderson,1,0
2092310,16-Aug-21,Wisconsin,Milwaukee,1,0
2089933,13-Aug-21,Minnesota,Bena,1,0
2093549,12-Aug-21,Virginia,Dumfries,1,0
2090016,12-Aug-21,Texas,Houston,1,0
2089777,12-Aug-21,Texas,Houston,1,0
2090601,12-Aug-21,Louisiana,Thibodaux,1,0
2089812,11-Aug-21,Florida,Altamonte Springs,1,0
2087889,10-Aug-21,Louisiana,Monroe,1,0
2088140,10-Aug-21,Mississippi,Jackson,1,0
2088253,10-Aug-21,Texas,Arlington,1,0
2087860,10-Aug-21,Louisiana,Monroe,1,0
2087885,9-Aug-21,Ohio,Dayton,1,0
2086576,8-Aug-21,North Carolina,Gastonia,1,0
2085311,7-Aug-21,Arizona,Phoenix,1,0
2085088,7-Aug-21,New York,Rochester,1,1
2087669,6-Aug-21,Kansas,Caldwell,1,0
2083541,5-Aug-21,Illinois,Chicago,1,0
2082997,4-Aug-21,Ohio,Dayton,1,0
2084174,3-Aug-21,Alabama,Decatur,1,0
2081842,3-Aug-21,Texas,Groveton,1,0
2081603,2-Aug-21,Michigan,Mancelona,1,0
2081610,2-Aug-21,Louisiana,Baton Rouge,1,0
2081118,2-Aug-21,Virginia,Roanoke,1,0
2080140,1-Aug-21,Wisconsin,Milwaukee,1,0
2081354,1-Aug-21,Missouri,Independence,1,0
2081494,1-Aug-21,Utah,Smithfield,1,0
2081433,1-Aug-21,Mississippi,Houston,1,0
2080577,1-Aug-21,Pennsylvania,Philadelphia,1,0
2081408,31-Jul-21,California,Petaluma,2,0
2079460,31-Jul-21,North Carolina,Raleigh,1,0
2081403,31-Jul-21,Oklahoma,Oklahoma City (Del City),2,0
2079064,31-Jul-21,Ohio,Columbus,1,0
2078743,28-Jul-21,Pennsylvania,Richfield,1,0
2075415,26-Jul-21,Ohio,Dayton,1,0
2075277,25-Jul-21,North Carolina,High Point,1,0
2075861,25-Jul-21,Texas,Prairie View,1,0
2073050,24-Jul-21,Tennessee,Nashville,1,0
2074453,24-Jul-21,Mississippi,Amory,1,0
2075001,23-Jul-21,Nebraska,Beatrice,1,0
2072912,23-Jul-21,Texas,Dallas,1,0
2071018,21-Jul-21,Wisconsin,Eau Claire,1,0
2077372,21-Jul-21,Oklahoma,Durant,1,0
2068820,20-Jul-21,Texas,San Antonio,1,1
2070859,20-Jul-21,Kansas,Wichita,1,0
2116658,19-Jul-21,Nevada,Laughlin,1,0
2067698,18-Jul-21,Tennessee,Westmoreland,1,0
2066733,18-Jul-21,Arizona,Phoenix,1,0
2066378,18-Jul-21,Texas,Lufkin,1,0
2065625,17-Jul-21,Utah,West Jordan,1,0
2067771,17-Jul-21,Mississippi,Hickory,1,0
2065125,16-Jul-21,Pennsylvania,Scranton (Dunmore),1,0
2159198,16-Jul-21,Tennessee,Memphis,1,0
2064549,15-Jul-21,Texas,Athens,1,0
2070938,15-Jul-21,Mississippi,Corinth,1,0
2062831,13-Jul-21,Ohio,Maple Heights,1,0
2061324,12-Jul-21,Tennessee,Memphis,1,0
2060546,11-Jul-21,Kansas,Newton,1,0
2120402,10-Jul-21,Maryland,Hagerstown,1,0
2059286,9-Jul-21,Utah,Heber City,1,0
2058232,9-Jul-21,Oklahoma,Sayre,1,0
2057278,8-Jul-21,California,Tulare,1,0
2057472,8-Jul-21,Mississippi,Jackson,1,0
2209052,7-Jul-21,Tennessee,Memphis,1,0
2056068,7-Jul-21,West Virginia,Clarksburg,1,0
2055926,7-Jul-21,Tennessee,Goodlettsville,1,0
2055374,6-Jul-21,Colorado,Manitou Springs,1,0
2056708,6-Jul-21,Texas,Richmond,1,0
2055057,6-Jul-21,Virginia,Halifax,1,0
2053921,5-Jul-21,Kansas,Lenexa,1,0
2053255,4-Jul-21,Tennessee,Knoxville,1,0
2052603,3-Jul-21,California,Chula Vista,1,0
2054915,3-Jul-21,Texas,Tyler,1,0
2052995,3-Jul-21,Virginia,Bedford,1,0
2052146,3-Jul-21,Virginia,Richmond,1,1
2051232,2-Jul-21,North Carolina,Tarboro,1,0
2051982,2-Jul-21,Texas,El Paso,1,0
2053259,2-Jul-21,South Carolina,Charleston,1,0
2051739,2-Jul-21,Florida,Jacksonville,1,0
2050397,1-Jul-21,Pennsylvania,Philadelphia,1,0
2050257,1-Jul-21,Ohio,Columbus,1,0
2051370,1-Jul-21,Missouri,West Plains,1,0
2050433,30-Jun-21,Missouri,Saint Louis (Jennings),1,0
2050250,30-Jun-21,Michigan,Kalamazoo,2,0
2048839,29-Jun-21,District of Columbia,Washington,1,0
2048113,29-Jun-21,Maryland,Annapolis,1,0
2048932,29-Jun-21,Alabama,Mobile,1,0
2047178,27-Jun-21,Tennessee,Millington,1,0
2045816,26-Jun-21,California,Fresno,1,0
2045611,26-Jun-21,Georgia,Atlanta,1,2
2045972,26-Jun-21,Pennsylvania,Philadelphia,1,0
2045920,25-Jun-21,Arizona,Tempe,1,0
2045116,25-Jun-21,Virginia,Virginia Beach,1,0
2045604,25-Jun-21,Illinois,Burbank,1,0
2046188,25-Jun-21,Georgia,Dublin,1,0
2044225,24-Jun-21,Michigan,Kalamazoo,1,0
2051643,24-Jun-21,Illinois,Zion,1,0
2044303,24-Jun-21,Kentucky,Hopkinsville,1,0
2042281,22-Jun-21,Michigan,Detroit,1,0
2042475,20-Jun-21,Texas,Houston,1,0
2039532,19-Jun-21,Illinois,Chicago,1,0
2039861,19-Jun-21,Texas,Dallas,1,0
2042046,19-Jun-21,New Jersey,Bridgeton,1,0
2038033,17-Jun-21,Louisiana,Baton Rouge,1,0
2037995,17-Jun-21,Maine,Temple,1,0
2037273,16-Jun-21,Oregon,Beaverton,1,0
2035964,15-Jun-21,Florida,Jacksonville,1,0
2036173,14-Jun-21,Oklahoma,Tulsa,1,0
2034643,13-Jun-21,Texas,Grand Prairie,1,0
2032475,12-Jun-21,Florida,Fort Lauderdale (Sunrise),1,0
2033799,12-Jun-21,Kansas,Topeka,1,0
2029078,8-Jun-21,Tennessee,Nashville,1,3
2029899,8-Jun-21,Virginia,Church Road,1,0
2028374,8-Jun-21,Illinois,Chicago,1,0
2027097,6-Jun-21,Florida,Miami Beach,1,0
2025578,5-Jun-21,Minnesota,Minneapolis,1,0
2026879,5-Jun-21,Texas,Houston,1,0
2027081,5-Jun-21,Iowa,Raymond,1,0
2030497,4-Jun-21,Wisconsin,Whitewater,1,0
2025297,4-Jun-21,Texas,Dallas,1,0
2025180,4-Jun-21,Virginia,Oak Hall,1,0
2022551,2-Jun-21,Illinois,Joliet,1,0
2023091,2-Jun-21,Mississippi,Canton,1,0
2022188,1-Jun-21,Texas,Lumberton (Rose Hill Acres),1,0
2021159,30-May-21,Kentucky,Radcliff,1,0
2021339,30-May-21,Nebraska,Bellevue,1,0
2022433,30-May-21,Pennsylvania,Coatesville,1,0
2018972,29-May-21,New York,Brooklyn,1,0
2019331,29-May-21,Oklahoma,Tulsa,1,0
2019036,28-May-21,Georgia,Jackson,1,1
2019508,28-May-21,Maryland,Fort Washington,1,0
2018559,27-May-21,Iowa,Waterloo,1,0
2016573,26-May-21,Utah,Salt Lake City (West Valley City),1,0
2015797,26-May-21,Arizona,Mesa,1,0
2023336,25-May-21,West Virginia,Kearneysville,1,0
2018311,23-May-21,Texas,Waller,1,1
2014514,23-May-21,Texas,Austin,1,0
2012104,22-May-21,Tennessee,Memphis,1,0
2011610,22-May-21,Indiana,Fort Wayne,1,4
2014683,22-May-21,Mississippi,Waynesboro,1,0
2011139,21-May-21,Texas,Fort Worth,2,0
2011077,21-May-21,New York,Albany,1,5
2009582,20-May-21,Indiana,Indianapolis,1,0
2009451,19-May-21,Illinois,Chicago,2,0
2010015,19-May-21,Maryland,Laurel,1,0
2008789,19-May-21,Michigan,Detroit,1,2
2008856,18-May-21,South Carolina,Hartsville,1,0
2008034,18-May-21,Texas,Houston,1,0
2009257,18-May-21,Ohio,Galion,1,0
2007416,17-May-21,Minnesota,Minneapolis,1,1
2006594,17-May-21,Alabama,Maylene,1,0
2011809,17-May-21,Florida,Brooker,1,0
2007135,17-May-21,New York,Brooklyn,1,1
2006294,16-May-21,Arizona,Tempe,1,0
2006304,16-May-21,Michigan,Edwardsburg,1,0
2005169,15-May-21,Pennsylvania,Archbald,1,1
2004922,14-May-21,Ohio,Columbus,1,0
2010265,14-May-21,Texas,Waco,1,0
2003588,13-May-21,Missouri,Union,1,0
1999805,8-May-21,Illinois,Hazel Crest,1,0
1999088,8-May-21,Wisconsin,Milwaukee,1,0
1997489,7-May-21,Florida,Pensacola,1,0
1998108,7-May-21,Florida,Clewiston,1,1
1996148,4-May-21,Pennsylvania,East Stroudsburg,1,0
1994331,3-May-21,Illinois,East Saint Louis (Cahokia),1,0
1993916,2-May-21,Texas,Houston,1,0
1993824,2-May-21,West Virginia,Beckley,1,0
1996618,2-May-21,Kansas,Wichita,1,0
1994086,2-May-21,California,Keyes,1,0
1991688,30-Apr-21,Alabama,Hazel Green,1,0
1988688,27-Apr-21,Virginia,Richmond,2,3
1987755,26-Apr-21,Texas,Grand Prairie,1,0
1989036,26-Apr-21,Alaska,Nightmute,1,0
1989066,26-Apr-21,Tennessee,Memphis,1,0
1987653,25-Apr-21,Texas,Dallas,1,0
1986575,25-Apr-21,Arizona,Phoenix,1,0
2045922,25-Apr-21,New Mexico,Ruidoso,1,0
1987006,25-Apr-21,Florida,Fort Myers,1,1
1987107,25-Apr-21,Washington,Federal Way,1,0
1986906,24-Apr-21,North Dakota,Cando,1,0
1985267,23-Apr-21,Missouri,Kansas City,1,0
1984099,21-Apr-21,Arizona,Phoenix,1,1
1983532,21-Apr-21,Texas,Houston,1,0
1984361,21-Apr-21,Tennessee,Nashville,1,0
1984097,20-Apr-21,Texas,Fort Worth,1,0
1983157,19-Apr-21,Alabama,Huntsville,1,0
1982106,19-Apr-21,Arizona,Tucson,1,0
1981570,18-Apr-21,Nevada,Henderson,1,1
1981295,18-Apr-21,Texas,Fort Worth,1,0
1980492,17-Apr-21,Ohio,Columbus,1,5
1977316,14-Apr-21,Georgia,Norcross,1,0
1978358,14-Apr-21,Kansas,Leavenworth,1,0
1975927,12-Apr-21,Tennessee,Nashville,1,3
1974999,11-Apr-21,Texas,Dallas,1,0
1975373,11-Apr-21,Florida,Jacksonville,1,0
1974431,11-Apr-21,Connecticut,Meriden,1,0
1974075,10-Apr-21,Massachusetts,Boston,1,0
1973985,10-Apr-21,Connecticut,Hartford,1,0
1974161,10-Apr-21,Texas,Houston,1,0
1972954,9-Apr-21,Texas,Houston,1,0
1973294,8-Apr-21,Oklahoma,Oklahoma City,1,0
1972569,8-Apr-21,Oklahoma,Oklahoma City,1,0
1972352,8-Apr-21,Virginia,Richmond,1,0
1971583,7-Apr-21,Arkansas,Blytheville,1,1
1973320,7-Apr-21,Michigan,Mount Pleasant,1,0
1971171,7-Apr-21,Louisiana,Baker,1,0
1972434,7-Apr-21,Kentucky,Hopkinsville,1,0
1973662,7-Apr-21,Texas,Dallas,1,0
1970336,5-Apr-21,Arizona,Fort Mohave,1,0
1970179,5-Apr-21,Michigan,Monroe,1,0
1967934,3-Apr-21,California,Lancaster,1,0
1969109,3-Apr-21,Vermont,Rutland,1,0
1967912,2-Apr-21,Texas,Edcouch,1,0
1965972,31-Mar-21,Kansas,Kansas City,1,0
1996775,31-Mar-21,Florida,Englewood,1,0
1966989,31-Mar-21,North Carolina,Greenville,1,0
1966371,30-Mar-21,Georgia,Mount Zion,1,0
1966235,30-Mar-21,Virginia,Smithfield,1,0
1966375,30-Mar-21,Illinois,Oswego,1,0
1964480,29-Mar-21,Texas,San Antonio,1,0
1963712,27-Mar-21,Pennsylvania,Wilkes Barre,1,0
1963070,26-Mar-21,Virginia,Petersburg,1,0
1962905,26-Mar-21,Virginia,Virginia Beach,1,0
1964419,26-Mar-21,Virginia,Halifax,1,0
1962699,26-Mar-21,Pennsylvania,Monroeville,1,0
1962820,26-Mar-21,Ohio,Columbiana,1,0
1960348,23-Mar-21,Florida,Tallahassee,1,1
1959615,22-Mar-21,Nevada,Las Vegas,1,0
1959738,22-Mar-21,Missouri,Elk Creek,1,0
1958476,21-Mar-21,Minnesota,Moorhead,1,0
1957906,20-Mar-21,Wisconsin,Milwaukee,1,0
1957701,20-Mar-21,Louisiana,Shreveport,1,1
1958776,17-Mar-21,New York,Kingston,1,0
1955301,17-Mar-21,Georgia,Columbus,1,0
1955409,17-Mar-21,Tennessee,Antioch,1,0
1954467,16-Mar-21,Virginia,Richmond,1,0
1952746,13-Mar-21,Texas,Waco,1,1
1951655,12-Mar-21,New York,Corona (Queens),1,0
1951793,12-Mar-21,Minnesota,Gaylord,1,0
1953474,12-Mar-21,New York,Newburgh,1,0
1948712,8-Mar-21,Texas,Dallas,1,0
1949918,8-Mar-21,Oregon,Bonanza,1,0
1947184,7-Mar-21,Tennessee,Cleveland,1,0
1947365,7-Mar-21,Oklahoma,Broken Arrow,1,0
1946173,6-Mar-21,Ohio,Nelsonville,1,0
1946228,6-Mar-21,Iowa,Des Moines,1,0
1947107,6-Mar-21,Texas,Bellaire,1,0
1946948,6-Mar-21,Michigan,Lansing,1,0
1947131,6-Mar-21,New Mexico,Los Lunas,1,0
1947126,5-Mar-21,Texas,Mckinney,1,0
1944102,3-Mar-21,Mississippi,Greenwood,1,0
1946200,2-Mar-21,Indiana,New Albany,1,0
1942461,1-Mar-21,Ohio,Toledo,2,0
1942559,1-Mar-21,Illinois,Chicago,1,1
1944255,1-Mar-21,New Mexico,Taos,1,0
1942345,28-Feb-21,Ohio,Warren,1,0
1941245,27-Feb-21,Michigan,Saint Johns,1,0
1944084,27-Feb-21,Mississippi,Waveland,1,0
1940665,27-Feb-21,Washington,Othello,1,0
1943056,26-Feb-21,Texas,El Paso,1,0
1939861,26-Feb-21,Kansas,Hays,1,0
1936985,23-Feb-21,Tennessee,Grand Junction,1,0
1936994,22-Feb-21,Washington,Lakewood,1,0
1939110,21-Feb-21,New Mexico,Roswell,1,0
1945065,21-Feb-21,South Carolina,Greer,1,0
1937262,21-Feb-21,Colorado,Lafayette,1,0
1937559,20-Feb-21,Missouri,Fayette,1,0
1936034,20-Feb-21,Georgia,Calhoun,1,0
1935061,20-Feb-21,Louisiana,Baton Rouge,1,0
1931260,17-Feb-21,Missouri,Kansas City,2,1
1931897,17-Feb-21,Tennessee,Clarksville,1,0
1931297,16-Feb-21,Illinois,Chicago,1,0
1931422,16-Feb-21,California,Los Angeles,1,0
1930390,15-Feb-21,North Carolina,Cornelius,1,1
1929314,15-Feb-21,Maryland,Baltimore,1,0
1950259,14-Feb-21,Michigan,Lansing,1,0
1928908,14-Feb-21,Pennsylvania,Harrisburg (Swatara),1,0
1929156,14-Feb-21,Georgia,Macon,1,0
1928984,14-Feb-21,Arizona,Phoenix,1,2
1928896,13-Feb-21,Alabama,Tuskegee,1,0
1926842,10-Feb-21,Georgia,Columbus,1,0
1927921,10-Feb-21,Kentucky,Latonia (Taylor Mill),1,0
1925681,10-Feb-21,Tennessee,Nashville,1,0
1924171,8-Feb-21,Idaho,Idaho Falls,1,0
1926689,7-Feb-21,Tennessee,Memphis,1,1
1923411,7-Feb-21,Michigan,Pontiac,1,0
1923715,6-Feb-21,North Carolina,Elon,1,0
1923224,6-Feb-21,North Carolina,Hollister,1,0
1920869,4-Feb-21,Massachusetts,Boston,1,0
1920755,3-Feb-21,Pennsylvania,Kingston (Edwardsville),1,0
1920639,3-Feb-21,Louisiana,Shreveport,1,0
1919003,2-Feb-21,Michigan,Metamora,1,0
1918965,2-Feb-21,Georgia,Concord,1,0
1921789,2-Feb-21,Florida,Opa Locka,1,0
1918452,1-Feb-21,West Virginia,Lester,1,0
1917342,31-Jan-21,North Carolina,Greensboro,1,0
1915391,29-Jan-21,Georgia,Macon,1,0
1915359,29-Jan-21,Mississippi,Ellisville,1,0
1914174,27-Jan-21,Tennessee,Knoxville,1,0
1913552,27-Jan-21,Tennessee,Memphis,1,0
1913701,27-Jan-21,Ohio,Cincinnati,1,0
1914345,26-Jan-21,Florida,Jacksonville,1,0
1912954,26-Jan-21,Texas,Houston,1,0
1911305,25-Jan-21,California,Davis,1,0
1911944,25-Jan-21,North Carolina,Engelhard,1,0
1914127,23-Jan-21,Texas,Blum,1,0
1908867,22-Jan-21,Michigan,Owosso,1,0
1908181,21-Jan-21,Kentucky,Louisville,1,0
1908542,21-Jan-21,California,Oakland,1,3
1910200,21-Jan-21,Montana,Billings,1,0
1907472,20-Jan-21,Pennsylvania,Lock Haven,1,0
1906654,20-Jan-21,Michigan,Detroit,1,0
1907357,20-Jan-21,Pennsylvania,Philadelphia,1,0
1906675,19-Jan-21,Florida,Jacksonville,1,0
1906265,18-Jan-21,Nevada,Las Vegas,1,0
1905851,18-Jan-21,Texas,Houston,1,0
1905448,18-Jan-21,Louisiana,New Orleans,2,1
1907273,17-Jan-21,Illinois,Chicago,1,0
1907866,16-Jan-21,Texas,Tyler,1,0
1903678,16-Jan-21,Louisiana,Saint Rose,1,0
2152704,16-Jan-21,Texas,Houston,1,0
1903561,15-Jan-21,Minnesota,Willmar,1,0
1900966,13-Jan-21,South Carolina,Greer,2,1
1901670,12-Jan-21,California,Santa Paula,1,0
1899185,10-Jan-21,Indiana,Columbus,1,0
1900089,9-Jan-21,Texas,Dayton,1,0
1897844,8-Jan-21,Florida,Anthony,1,0
1896249,6-Jan-21,Mississippi,Pascagoula,1,0
1896224,6-Jan-21,Pennsylvania,Pittsburgh,1,0
1895241,4-Jan-21,Tennessee,Memphis,1,0
1896655,4-Jan-21,Oklahoma,Idabel,1,0
1894934,3-Jan-21,Missouri,Sedalia,1,0
1896235,3-Jan-21,Pennsylvania,Norristown,1,0
1893327,3-Jan-21,Texas,Houston,1,4
1892646,2-Jan-21,South Carolina,Myrtle Beach,1,2
1892901,2-Jan-21,Oregon,Portland,1,0
1894799,2-Jan-21,Idaho,Kuna,1,0
1891520,1-Jan-21,Illinois,Chicago,1,1
1892128,1-Jan-21,Texas,Arlington,1,0
1892088,1-Jan-21,Texas,Arlington,1,0
1892390,29-Dec-20,Texas,San Antonio,1,0
1888338,28-Dec-20,Nevada,Whitney,1,0
1889239,28-Dec-20,Minnesota,Cloquet,1,0
1888046,27-Dec-20,Maryland,Churchville,1,0
1887263,26-Dec-20,Texas,San Antonio,1,0
1886751,25-Dec-20,Texas,Denton,1,0
1886652,25-Dec-20,Maryland,Indian Head,1,0
1886385,24-Dec-20,Florida,Lehigh Acres,1,0
1886077,24-Dec-20,South Carolina,Florence,1,0
1898385,24-Dec-20,Ohio,Brookpark (Brook Park),1,0
1885378,23-Dec-20,Minnesota,Saint Paul,1,0
1884589,23-Dec-20,Texas,San Antonio,1,1
1885920,23-Dec-20,New York,Utica,1,1
1883991,22-Dec-20,Texas,Houston,1,0
1884951,22-Dec-20,Texas,Lubbock,1,0
1884497,22-Dec-20,Louisiana,Alexandria,1,0
1883735,21-Dec-20,Minnesota,Saint Paul,1,0
1883818,21-Dec-20,Georgia,Atlanta,1,0
1883624,21-Dec-20,Florida,Fort Walton Beach,1,0
1885277,20-Dec-20,Alabama,Friendship,1,0
1881623,19-Dec-20,Arkansas,Little Rock,1,0
1888011,19-Dec-20,Texas,Rowlett,1,0
1880857,18-Dec-20,Missouri,Springfield,1,0
1879819,17-Dec-20,Ohio,Hamilton,1,0
1879827,16-Dec-20,Nevada,Las Vegas,1,0
1878745,15-Dec-20,Indiana,Fairmount,1,0
1879707,15-Dec-20,Idaho,Castleford,1,0
1878951,15-Dec-20,Maryland,Edgewood,1,0
1878564,15-Dec-20,Michigan,Canton,1,0
1880345,15-Dec-20,California,Fontana,1,0
1927638,14-Dec-20,Georgia,Atlanta (Sandy Springs),1,0
1877224,14-Dec-20,Florida,Cocoa,1,0
1879816,14-Dec-20,Virginia,Wytheville,1,0
1876776,13-Dec-20,Kentucky,Louisville,1,0
1877605,13-Dec-20,California,Tollhouse,1,0
1874575,10-Dec-20,Arkansas,Little Rock,1,0
1873125,8-Dec-20,New Jersey,Sussex (Wantage),1,0
1873062,7-Dec-20,Virginia,Chesterfield,1,0
1871781,6-Dec-20,Arizona,Mesa,1,0
1871120,6-Dec-20,Florida,West Palm Beach,1,0
1871765,6-Dec-20,Virginia,Petersburg,1,0
1887873,6-Dec-20,Mississippi,Yazoo City,1,0
1873782,6-Dec-20,Indiana,Jeffersonville,1,0
1870260,5-Dec-20,Pennsylvania,Mc Kees Rocks (Mckees Rocks),1,1
1869917,4-Dec-20,California,Bell Gardens,1,0
1870009,4-Dec-20,California,Long Beach,1,1
1869968,4-Dec-20,Alabama,Jackson,1,0
1869439,4-Dec-20,Georgia,Lithonia,1,0
1873773,4-Dec-20,Mississippi,Waynesboro,1,0
1873821,2-Dec-20,Ohio,Delaware,1,0
1868677,2-Dec-20,North Carolina,Wilmington,1,0
1868782,2-Dec-20,Texas,Houston,1,0
1868020,2-Dec-20,Ohio,Reynoldsburg,1,0
1867011,1-Dec-20,Pennsylvania,Cambridge Springs,1,0
1866539,30-Nov-20,Missouri,Saint Louis (Olivette),1,0
1897353,29-Nov-20,Nevada,Las Vegas,1,0
1864679,29-Nov-20,Florida,West Palm Beach,1,0
1864562,28-Nov-20,Oklahoma,Oklahoma City,1,0
1866176,28-Nov-20,Montana,Corvallis,1,0
1867234,28-Nov-20,Wisconsin,Sheboygan,1,0
1864491,28-Nov-20,Maryland,Oxon Hill,1,0
1866891,26-Nov-20,Texas,Lufkin,1,0
1864068,26-Nov-20,Michigan,Ypsilanti,2,0
1861606,25-Nov-20,Tennessee,Powell,1,0
1867458,25-Nov-20,Georgia,Washington,1,0
1866327,25-Nov-20,Minnesota,Puposky,1,0
1861379,24-Nov-20,Texas,Forney,1,1
1862872,23-Nov-20,Wyoming,Riverton,1,0
1860299,23-Nov-20,Arizona,Phoenix,1,0
1861270,23-Nov-20,Arkansas,Hartford,1,1
1860127,22-Nov-20,Wisconsin,Washington Island,1,0
1857634,21-Nov-20,Mississippi,Gulfport,1,0
1857576,21-Nov-20,Indiana,Indianapolis,1,0
1857658,21-Nov-20,Florida,Daytona Beach,1,0
1901799,20-Nov-20,Pennsylvania,Norristown,1,0
1997672,20-Nov-20,Michigan,Barry (county),1,0
1860314,20-Nov-20,Mississippi,El Dorado,1,0
1857382,19-Nov-20,New York,Rochester,1,0
1855833,18-Nov-20,Nevada,Elko,1,0
1855978,18-Nov-20,Texas,Texarkana,1,0
1854625,17-Nov-20,Oklahoma,Luther,1,0
1853472,16-Nov-20,New York,Staten Island,1,0
1852533,15-Nov-20,Florida,Saint Petersburg,1,1
1851904,14-Nov-20,South Carolina,North Charleston,1,0
1854447,14-Nov-20,Michigan,Manton,1,0
1852997,14-Nov-20,Texas,Arlington,1,0
1852963,13-Nov-20,Minnesota,Saint Cloud,1,0
1851421,13-Nov-20,Texas,San Antonio,1,0
1851320,11-Nov-20,Nebraska,Lincoln,1,0
1851996,11-Nov-20,Mississippi,Aberdeen,1,0
1850685,11-Nov-20,North Carolina,Candor,1,0
1849722,10-Nov-20,Virginia,Springfield,1,0
1848173,9-Nov-20,Missouri,Blue Springs,1,0
1849742,9-Nov-20,Colorado,Grand (county),1,0
1846835,8-Nov-20,California,Pasadena,1,0
1846749,8-Nov-20,Texas,Austin,1,0
1846012,7-Nov-20,New York,Penfield,1,0
1846163,6-Nov-20,Utah,Midvale,1,1
1845637,6-Nov-20,Georgia,Atlanta,1,0
1845477,6-Nov-20,Louisiana,New Orleans,2,2
1846147,6-Nov-20,Kansas,Ashland,1,0
1845659,5-Nov-20,South Carolina,Columbia,1,0
1844709,4-Nov-20,Oklahoma,Tulsa,1,0
1844027,4-Nov-20,Florida,Fort Lauderdale (Dania Beach),1,0
1844038,4-Nov-20,Florida,Port Salerno,1,0
1842790,3-Nov-20,Virginia,Petersburg,1,0
1842777,3-Nov-20,Michigan,Jackson,1,0
1842725,2-Nov-20,Florida,Palm Beach Gardens,1,0
1838938,30-Oct-20,Texas,Corpus Christi,1,0
1838373,30-Oct-20,North Carolina,Concord,1,0
1839242,30-Oct-20,Michigan,Detroit,1,0
1838884,29-Oct-20,Florida,Palm Beach Gardens (Riviera Beach),1,0
1837937,28-Oct-20,Georgia,Atlanta (Sandy Springs),1,0
1837582,28-Oct-20,Kansas,Kansas City,1,0
1837698,28-Oct-20,Florida,Jacksonville,2,2
1840610,25-Oct-20,Texas,Fort Worth,1,0
1835068,25-Oct-20,Nebraska,Valparaiso,1,0
1834122,25-Oct-20,Kentucky,Louisville,1,0
1835483,25-Oct-20,Texas,Fort Worth,1,0
1834097,24-Oct-20,Texas,Porter,1,0
1834445,24-Oct-20,Kentucky,Owensboro,1,0
1889292,24-Oct-20,Michigan,Burton,1,0
1834041,24-Oct-20,Pennsylvania,Perkasie,1,0
1833659,24-Oct-20,Nevada,North Las Vegas,1,0
1833668,24-Oct-20,New York,Brooklyn,1,0
1833374,23-Oct-20,Texas,Dallas,1,1
1832062,22-Oct-20,Indiana,East Chicago,1,0
1831662,22-Oct-20,California,Merced,1,0
1841970,22-Oct-20,Florida,Hialeah,1,0
1830752,21-Oct-20,Kentucky,Lexington,1,0
1829032,19-Oct-20,Pennsylvania,Chester,1,0
1828109,19-Oct-20,Georgia,Atlanta,1,0
1828457,18-Oct-20,Kentucky,Hopkinsville,1,0
1829098,18-Oct-20,Florida,Saint Petersburg (Gulfport),1,0
1827753,18-Oct-20,New York,Brooklyn,1,0
1827783,17-Oct-20,Florida,Lake Worth,1,0
1825036,15-Oct-20,Illinois,Rockford,1,0
1825466,15-Oct-20,Illinois,Dolton,2,0
1825866,15-Oct-20,South Carolina,York,1,0
1824881,14-Oct-20,Virginia,Bedford,1,0
1899748,14-Oct-20,Texas,Dallas,1,0
1824813,14-Oct-20,Tennessee,Memphis,1,0
1824291,14-Oct-20,Ohio,Republic,1,0
1822677,12-Oct-20,Michigan,Detroit,1,0
1823424,12-Oct-20,Louisiana,Shreveport,1,0
1826295,11-Oct-20,Louisiana,Baton Rouge,1,0
1825245,11-Oct-20,Georgia,Kennesaw,1,0
1820165,10-Oct-20,Louisiana,Baton Rouge,1,0
1819501,10-Oct-20,California,Northridge,1,0
1819464,9-Oct-20,Oregon,Beaverton (Aloha),1,0
1820119,9-Oct-20,California,Hemet,1,0
1816607,7-Oct-20,Illinois,Harvey,1,0
1817371,7-Oct-20,Illinois,Chicago,1,0
1816975,6-Oct-20,Texas,Laredo,1,0
1822962,5-Oct-20,Georgia,Savannah,1,0
1813520,2-Oct-20,Texas,Corpus Christi,1,0
1811676,1-Oct-20,Louisiana,Geismar,1,0
1810626,30-Sep-20,New York,Corona (Queens),1,0
1811358,30-Sep-20,Oklahoma,Oklahoma City,1,0
1807377,27-Sep-20,Michigan,Grand Rapids,1,0
1806677,27-Sep-20,North Carolina,Hickory,1,1
1807948,27-Sep-20,Georgia,Dublin,1,0
1807157,26-Sep-20,Texas,Kerrville,1,0
1808464,26-Sep-20,Arizona,Red Rock,1,0
1808927,26-Sep-20,Indiana,Lawrenceburg (Greendale),1,0
1808002,26-Sep-20,South Carolina,Newberry,1,0
1805319,25-Sep-20,Arizona,Phoenix,1,0
1804725,23-Sep-20,North Carolina,Lincolnton,1,0
1802901,22-Sep-20,Illinois,Chicago,1,1
1802927,21-Sep-20,Florida,Mary Esther,1,0
1801318,20-Sep-20,Michigan,Battle Creek,1,0
1800791,20-Sep-20,Louisiana,Westwego (Avondale),1,0
1800710,19-Sep-20,Pennsylvania,New Cumberland,1,0
1802286,19-Sep-20,Arizona,Tucson,1,0
1799548,18-Sep-20,Ohio,Cincinnati,1,0
1799465,18-Sep-20,Louisiana,Baton Rouge,1,0
1796958,16-Sep-20,Texas,San Antonio,1,1
1797170,16-Sep-20,North Carolina,Fayetteville,1,0
1796458,15-Sep-20,Tennessee,Clarksville,1,0
1794843,14-Sep-20,Michigan,Oak Park,1,0
1795792,14-Sep-20,Ohio,Canton,1,0
1794861,13-Sep-20,Michigan,Algonac (Clay Township),1,1
1794400,13-Sep-20,North Carolina,Thomasville,1,0
1795177,13-Sep-20,Illinois,Gurnee,1,0
1792771,12-Sep-20,Texas,Houston,1,0
1797207,11-Sep-20,North Carolina,Rocky Mount,1,0
1855063,10-Sep-20,Missouri,Saint Louis,1,1
1791738,10-Sep-20,Florida,Miami,1,0
1790483,9-Sep-20,North Carolina,Charlotte,1,0
1789439,8-Sep-20,Kansas,Wichita,1,0
1787827,7-Sep-20,Illinois,Chicago,1,2
1786049,5-Sep-20,Virginia,Emporia,1,0
1791391,5-Sep-20,California,Rancho Cucamonga,1,1
1785726,5-Sep-20,Florida,Jacksonville,1,1
1792705,4-Sep-20,Illinois,Maywood,1,0
1789848,3-Sep-20,Georgia,Tifton,1,0
1784683,3-Sep-20,North Carolina,Lexington (Yadkin),1,0
1783566,2-Sep-20,Oklahoma,Fairland,1,0
1783692,2-Sep-20,Ohio,Cincinnati,1,0
1782611,2-Sep-20,Texas,San Antonio,1,0
1781500,31-Aug-20,Florida,Lady Lake,1,0
1782608,30-Aug-20,Michigan,Detroit,1,0
1783193,29-Aug-20,South Carolina,Saint Helena Island,1,0
1785041,29-Aug-20,Arizona,Winslow,1,0
1778571,29-Aug-20,Illinois,Rock Island,1,5
1779307,29-Aug-20,Indiana,South Bend,1,0
1779064,29-Aug-20,Virginia,Virginia Beach,1,0
1778536,28-Aug-20,Indiana,Evansville,1,0
1778724,28-Aug-20,Indiana,Indianapolis,1,0
1777178,27-Aug-20,Texas,Austin,1,0
1777290,26-Aug-20,Michigan,Grand Rapids,1,0
1783877,24-Aug-20,California,Anza,1,0
1774108,24-Aug-20,Pennsylvania,Pittsburgh,1,0
1773462,23-Aug-20,New York,Nyack,1,0
1773671,23-Aug-20,Kentucky,Lexington,1,0
1775472,22-Aug-20,Alaska,Shishmaref,1,0
1772339,22-Aug-20,Florida,Hollywood,2,0
1772364,22-Aug-20,Florida,Indian Rocks Beach,1,0
1775315,21-Aug-20,Wisconsin,Doty,1,0
1771427,21-Aug-20,Florida,Tallahassee,1,2
1772221,21-Aug-20,New Jersey,Trenton,1,0
1817395,19-Aug-20,Colorado,Aurora,1,0
1768031,18-Aug-20,North Carolina,Charlotte,1,1
1768607,18-Aug-20,Georgia,Thomson,1,0
1767974,18-Aug-20,Wisconsin,Milwaukee,1,0
1768711,17-Aug-20,Maine,New Sharon,1,0
1765758,16-Aug-20,Indiana,South Bend,1,0
1765376,15-Aug-20,Texas,San Antonio,1,0
1765851,15-Aug-20,North Carolina,Charlotte,1,0
1763742,13-Aug-20,Missouri,Saint Louis (Northwoods),1,0
1763717,13-Aug-20,Alabama,Gadsden,1,0
1763466,13-Aug-20,Minnesota,Minneapolis (Brooklyn Park),1,0
1763278,12-Aug-20,Virginia,Virginia Beach,1,0
1762990,12-Aug-20,Ohio,Columbus,1,0
1763392,12-Aug-20,Florida,Orlando,1,0
1761889,11-Aug-20,Texas,Universal City,1,0
1762019,11-Aug-20,Iowa,Ottumwa,1,0
1762413,11-Aug-20,Florida,Hollywood (Miramar),1,0
1761693,10-Aug-20,North Carolina,Winston Salem (Winston-salem),1,0
1760214,9-Aug-20,Mississippi,Biloxi,1,0
1760945,9-Aug-20,Alabama,Grove Hill,1,0
1760178,9-Aug-20,Missouri,Kansas City,1,0
1760195,9-Aug-20,Texas,Longview,1,0
1759908,9-Aug-20,New York,Brooklyn,1,0
1760345,9-Aug-20,South Carolina,North Charleston,1,0
1758600,8-Aug-20,Ohio,Columbus,1,0
1773283,8-Aug-20,New Mexico,Mora (Ledoux),1,0
1760038,8-Aug-20,Texas,Houston,1,0
1758589,7-Aug-20,Ohio,Lorain,1,0
1757373,6-Aug-20,Connecticut,New Haven,1,0
1757366,6-Aug-20,Kansas,Kansas City,1,0
1756688,5-Aug-20,Kansas,Topeka,1,0
1755718,4-Aug-20,Michigan,Saginaw,1,0
1755748,4-Aug-20,California,Auburn,1,0
1955245,4-Aug-20,Texas,Livingston,1,0
1756742,4-Aug-20,Texas,Texas City,1,0
1754120,3-Aug-20,Arkansas,Little Rock,1,0
1754650,3-Aug-20,Iowa,Ankeny,1,0
1754736,3-Aug-20,Missouri,Saint Louis,1,0
1754272,2-Aug-20,New York,Schenectady,1,0
1754391,2-Aug-20,Texas,Houston,1,1
1753306,1-Aug-20,Texas,San Angelo,1,0
1755752,1-Aug-20,Florida,New Port Richey,1,0
1752497,1-Aug-20,Florida,Pensacola,1,0
1752659,1-Aug-20,Missouri,Warrensburg,1,2
1752828,1-Aug-20,Pennsylvania,Philadelphia,1,0
1751653,31-Jul-20,Illinois,Chicago,1,0
1752464,31-Jul-20,Maryland,Indian Head,1,0
1751677,31-Jul-20,Illinois,Chicago,1,0
1752449,31-Jul-20,Maryland,Columbia,1,0
1750109,29-Jul-20,Indiana,Hammond,1,0
1748936,28-Jul-20,Tennessee,Memphis,1,0
1748401,28-Jul-20,Georgia,Atlanta,1,0
1754541,28-Jul-20,Hawaii,Kihei,1,0
1747443,27-Jul-20,Arizona,Tucson,1,0
1747425,26-Jul-20,Tennessee,Nashville,1,0
1748086,26-Jul-20,Ohio,Grand Rapids,1,0
1746886,26-Jul-20,California,Los Angeles,1,1
1746495,25-Jul-20,Florida,Largo,1,0
1746308,25-Jul-20,South Carolina,Graniteville,1,0
1745717,25-Jul-20,New York,Corona (Queens),1,0
1745464,24-Jul-20,Wisconsin,Saint Francis,1,0
1750067,24-Jul-20,Wisconsin,Cudahy,1,0
1744092,23-Jul-20,Nebraska,Lincoln,1,0
1742807,22-Jul-20,Tennessee,Church Hill,1,0
1742859,22-Jul-20,Michigan,Warren,1,0
1743207,22-Jul-20,South Carolina,Columbia,1,0
1742896,22-Jul-20,Utah,Sandy,1,0
1742862,22-Jul-20,Colorado,Fountain,1,0
1742026,21-Jul-20,Wisconsin,Milwaukee,1,0
1743086,21-Jul-20,Texas,Longview,1,0
1742213,21-Jul-20,Illinois,Chicago,1,0
1740578,20-Jul-20,Texas,Arlington,1,1
1797403,19-Jul-20,Nevada,North Las Vegas,1,0
1739774,19-Jul-20,Texas,Austin,1,0
1740287,19-Jul-20,Georgia,Lagrange,1,0
1740188,19-Jul-20,Florida,Delray Beach,1,0
1738740,18-Jul-20,South Carolina,North Charleston,1,4
1741056,18-Jul-20,North Carolina,High Point,1,0
1739313,18-Jul-20,Louisiana,Baton Rouge,1,0
1737194,16-Jul-20,Colorado,Commerce City,1,0
1737445,16-Jul-20,Texas,San Antonio,1,0
1739047,15-Jul-20,Florida,Pompano Beach,1,0
1736410,15-Jul-20,Alabama,Birmingham,1,0
1736040,15-Jul-20,Missouri,Saint Louis,1,0
1735515,14-Jul-20,Georgia,Rochelle,1,0
1735198,14-Jul-20,Virginia,Richmond,1,0
1734950,13-Jul-20,Colorado,Aurora,1,0
1733402,13-Jul-20,North Carolina,Winston Salem (Winston-salem),1,0
1734128,13-Jul-20,Washington,Bothell,1,1
1733173,13-Jul-20,Oklahoma,Oklahoma City (Del City),1,0
1734779,12-Jul-20,Illinois,Tilton,1,0
1731769,11-Jul-20,Kentucky,Louisville,1,0
1731916,11-Jul-20,Michigan,Detroit,1,0
1733626,11-Jul-20,Tennessee,Bristol,1,0
1731989,10-Jul-20,Ohio,Dayton,1,1
1730863,9-Jul-20,Utah,Saint George,1,0
1737797,8-Jul-20,New Mexico,Roswell,1,0
1730696,8-Jul-20,Texas,Houston,1,0
2077362,7-Jul-20,Virginia,Winchester,1,0
1727368,6-Jul-20,Texas,Fort Worth (Everman),1,0
1727313,6-Jul-20,Michigan,Flint,1,0
1728196,6-Jul-20,Mississippi,Jackson,1,0
1725904,5-Jul-20,Pennsylvania,Philadelphia,1,0
1725457,5-Jul-20,New York,Schenectady,1,0
1726663,5-Jul-20,Georgia,Atlanta,1,2
1726758,5-Jul-20,Indiana,Evansville,1,0
1725743,4-Jul-20,California,San Francisco,1,1
1724885,4-Jul-20,Louisiana,Baton Rouge,1,0
1728179,4-Jul-20,Washington,Camano Island,1,0
1725791,4-Jul-20,North Carolina,Durham,1,0
1725006,4-Jul-20,District of Columbia,Washington,1,0
1724737,4-Jul-20,Illinois,Chicago,1,1
1725050,4-Jul-20,Nebraska,Lincoln,1,0
1724597,4-Jul-20,Texas,Pharr,1,0
1723897,3-Jul-20,Alabama,Birmingham (Hoover),1,3
1723513,2-Jul-20,Tennessee,Hendersonville,1,0
1722608,2-Jul-20,Florida,Fort Lauderdale,1,0
1721676,1-Jul-20,Minnesota,Saint Paul,1,0
1722444,1-Jul-20,Illinois,Chicago,1,0
1722620,1-Jul-20,Georgia,Macon,1,0
1721372,30-Jun-20,West Virginia,Elkview,1,0
1721720,30-Jun-20,Florida,Palm Bay,1,0
1719922,29-Jun-20,Virginia,Chesterfield,1,0
2199292,29-Jun-20,Missouri,Carl Junction,1,0
1719521,28-Jun-20,Texas,Fort Worth,1,0
1719070,27-Jun-20,Florida,Ormond Beach,1,0
1718981,27-Jun-20,Illinois,Chicago,1,0
1719224,27-Jun-20,Alabama,Tuscaloosa,1,2
1718444,26-Jun-20,Missouri,Saint Louis (Berkeley),1,0
1718645,26-Jun-20,West Virginia,Cottageville,1,1
1719472,26-Jun-20,Ohio,Springboro,1,0
1717210,25-Jun-20,Georgia,Atlanta,1,0
1716772,24-Jun-20,Florida,Tallahassee,1,0
1716187,24-Jun-20,Ohio,Canton,1,0
1715227,23-Jun-20,North Carolina,Durham,1,0
1715578,23-Jun-20,Iowa,Des Moines,1,0
1723301,21-Jun-20,New York,Buffalo,1,0
1712670,21-Jun-20,Arizona,Phoenix,1,0
1713690,21-Jun-20,Ohio,Columbus,1,1
1712143,20-Jun-20,Ohio,Lima,1,0
1711008,20-Jun-20,New York,New York (Manhattan),1,0
1711272,20-Jun-20,Michigan,Saginaw,1,3
1710081,19-Jun-20,Iowa,Kalona,1,0
1709255,18-Jun-20,Mississippi,Jackson,1,0
1709730,18-Jun-20,Florida,Palm Harbor,1,0
1708789,18-Jun-20,Indiana,South Bend,1,0
1711149,18-Jun-20,Texas,El Paso,1,0
1708771,17-Jun-20,Georgia,Atlanta,1,0
1710590,17-Jun-20,Mississippi,Guntown,1,0
1708053,16-Jun-20,Michigan,Detroit,1,0
1706703,16-Jun-20,Indiana,Munster,2,0
1709551,16-Jun-20,Minnesota,Thief River Falls,1,0
1707253,16-Jun-20,Illinois,Chicago,1,1
1707413,16-Jun-20,Texas,Houston,1,0
1706994,16-Jun-20,Iowa,Fort Dodge,2,2
1706543,15-Jun-20,Florida,Jacksonville,1,0
1705213,14-Jun-20,Louisiana,Raceland,2,0
1705419,14-Jun-20,Kansas,Junction City,1,0
1703413,11-Jun-20,Indiana,New Albany,1,0
1701717,9-Jun-20,North Carolina,Burgaw,1,0
1702223,9-Jun-20,Ohio,Cleveland,1,0
1701008,8-Jun-20,Texas,Lubbock,1,0
2074835,8-Jun-20,Texas,Austin,1,0
1699231,6-Jun-20,Alabama,Tuscaloosa,1,0
1699759,6-Jun-20,Tennessee,Memphis,1,0
1698779,6-Jun-20,Alabama,Birmingham,1,0
1699338,5-Jun-20,Illinois,Belleville,1,0
1698223,5-Jun-20,Alabama,Birmingham,1,0
1696520,3-Jun-20,Utah,Kamas,1,0
1696153,2-Jun-20,Massachusetts,Holliston,1,0
1697079,1-Jun-20,Michigan,Kalamazoo,1,0
1694769,1-Jun-20,Ohio,Cleveland,1,0
1695493,1-Jun-20,Kentucky,Beattyville,1,0
1694270,31-May-20,Mississippi,Jackson,1,0
1691586,29-May-20,Texas,Missouri City,1,0
1690458,27-May-20,Nevada,Las Vegas,1,0
1691205,27-May-20,Texas,Amarillo,1,0
1692235,27-May-20,Georgia,Austell,1,0
1689331,26-May-20,Pennsylvania,Philadelphia,1,0
1689086,25-May-20,North Carolina,North Wilkesboro,1,0
1688194,25-May-20,Texas,San Antonio,1,0
1687467,24-May-20,Tennessee,Memphis,1,0
1688148,24-May-20,Alabama,Morris,1,0
1686791,23-May-20,Missouri,Saint Louis,1,0
1687191,23-May-20,Iowa,Des Moines,1,0
1687075,22-May-20,Indiana,Bloomington,1,0
1684673,20-May-20,Illinois,Peoria,1,0
1684263,20-May-20,West Virginia,Huntington,1,0
1684670,18-May-20,Florida,Miami,1,0
1684691,18-May-20,Georgia,Riverdale,1,0
1682432,17-May-20,Michigan,Flint,1,0
1681915,17-May-20,Ohio,Cincinnati,1,0
1681458,16-May-20,Illinois,Chicago,1,0
1681289,16-May-20,Tennessee,Memphis,1,0
1683808,16-May-20,South Carolina,Abbeville,1,0
1681557,16-May-20,Georgia,White,1,0
1682002,16-May-20,Arizona,Phoenix,1,0
1803039,15-May-20,Kansas,Kansas City,1,0
1680189,15-May-20,Florida,Jacksonville,1,0
1682808,15-May-20,Alabama,Selma,1,0
1682456,14-May-20,Florida,Sebring,1,0
1679922,14-May-20,Missouri,Saint Louis,1,0
1677795,12-May-20,Florida,Miami,1,0
1685388,12-May-20,Ohio,Cleveland,1,0
1683782,10-May-20,Oregon,The Dalles,1,0
1675981,9-May-20,Texas,Mesquite,1,0
1675847,9-May-20,Texas,Arlington,1,0
1677427,9-May-20,Missouri,O Fallon,1,0
1676220,9-May-20,Alabama,Birmingham,1,0
1675912,9-May-20,Florida,Saint Petersburg,1,0
1676223,9-May-20,Georgia,Griffin,1,0
1676636,9-May-20,Texas,Longview,1,0
1673111,5-May-20,Arizona,Tucson,1,0
1673119,5-May-20,Texas,La Porte,1,0
1671217,3-May-20,Indiana,Indianapolis,1,0
1671655,3-May-20,Kentucky,Elizabethtown,1,0
1671464,2-May-20,Texas,Houston,1,0
1669964,1-May-20,Missouri,Springfield,1,0
1671437,1-May-20,Georgia,Lyerly,1,0
1670035,1-May-20,Alabama,Pinson,1,1
1669689,30-Apr-20,Utah,Myton,1,0
1668015,28-Apr-20,Virginia,Petersburg,1,0
1668856,28-Apr-20,California,Castro Valley,1,0
1668922,27-Apr-20,Texas,Amarillo,1,0
1666578,26-Apr-20,Texas,Houston,1,0
1666571,26-Apr-20,Ohio,Cleveland,1,0
1666131,25-Apr-20,Tennessee,Jackson,1,0
1665058,23-Apr-20,Tennessee,Ooltewah,1,0
1665094,23-Apr-20,Georgia,Macon,1,0
1665918,23-Apr-20,Georgia,Hartwell,1,0
1665078,23-Apr-20,Georgia,Smyrna,1,0
1664724,23-Apr-20,Mississippi,Senatobia,1,0
1664439,22-Apr-20,Texas,Houston,1,0
1664609,22-Apr-20,Florida,Lakeland,1,0
1663572,21-Apr-20,Colorado,Westminster,1,0
1663445,21-Apr-20,Texas,Killeen,1,0
1663620,20-Apr-20,Pennsylvania,Philadelphia,1,0
1662919,20-Apr-20,Texas,San Antonio,1,0
1662711,19-Apr-20,Texas,San Antonio,1,0
1662407,19-Apr-20,Kentucky,Frankfort,1,0
1705785,19-Apr-20,Florida,Fort Lauderdale,1,0
1661188,17-Apr-20,California,Oakland,1,2
1660535,16-Apr-20,Texas,Houston,1,0
1660305,15-Apr-20,Texas,Graham,1,0
1658897,14-Apr-20,Louisiana,Baton Rouge,1,0
1658888,14-Apr-20,Illinois,Chicago,1,0
1658455,13-Apr-20,Ohio,Chillicothe,2,0
1657697,12-Apr-20,New York,Albany (Colonie),1,0
1657394,11-Apr-20,Georgia,Conley,1,1
1657017,11-Apr-20,Tennessee,Memphis,1,0
1749703,10-Apr-20,Tennessee,Clarksville,1,0
1656735,10-Apr-20,Florida,Palm Beach Gardens (Riviera Beach),1,1
1659684,9-Apr-20,Ohio,Middle Point,1,0
1655629,9-Apr-20,New York,Corona (Queens),1,0
1654672,8-Apr-20,Texas,Katy,1,0
1654616,7-Apr-20,South Carolina,Goose Creek,1,0
1653288,6-Apr-20,Florida,Jacksonville,1,0
1652874,5-Apr-20,Pennsylvania,Chester,1,0
1652594,4-Apr-20,Indiana,Osceola,1,0
1653599,3-Apr-20,Arkansas,Mountain Home,1,0
1651203,2-Apr-20,Illinois,Thornton,1,0
1650592,1-Apr-20,Georgia,Helena (McRae-Helena),1,0
1649813,31-Mar-20,Indiana,Indianapolis,1,0
1649610,31-Mar-20,Oklahoma,Lawton,1,0
1648472,30-Mar-20,Alabama,Bessemer,1,0
1648909,30-Mar-20,Illinois,Belleville,1,0
1647254,27-Mar-20,Michigan,Kalamazoo,1,0
1647218,27-Mar-20,Florida,Bradenton,1,0
1646415,26-Mar-20,Indiana,Indianapolis,1,0
1646390,26-Mar-20,Tennessee,Memphis,1,0
1645583,24-Mar-20,Illinois,Chicago,1,0
1643923,21-Mar-20,Georgia,Atlanta,1,0
1643616,21-Mar-20,Texas,Taylor,1,0
1642768,19-Mar-20,New Mexico,Albuquerque,1,0
1641895,18-Mar-20,Missouri,Saint Louis (Northwoods),1,0
1641069,17-Mar-20,Kentucky,Lexington,1,0
1641339,16-Mar-20,Washington,Vancouver,1,0
1649210,15-Mar-20,Nebraska,Gordon,1,0
1640042,15-Mar-20,Kentucky,Louisville,1,0
1639849,14-Mar-20,Florida,Jacksonville,1,1
1639651,14-Mar-20,Utah,Ogden,1,0
1639222,13-Mar-20,Tennessee,Memphis,1,0
1636763,8-Mar-20,North Carolina,Fairview,1,0
1637133,8-Mar-20,Pennsylvania,Erie,1,0
1635786,7-Mar-20,Washington,Yakima,1,0
1634779,5-Mar-20,South Carolina,Mountain Rest,1,0
1634921,5-Mar-20,Pennsylvania,York,1,0
1634139,5-Mar-20,New York,Hampton Bays,2,0
1633866,4-Mar-20,Alabama,Slocomb,1,0
1632459,2-Mar-20,Kansas,Wichita,1,0
1633167,2-Mar-20,Virginia,Chesapeake,1,0
1632058,1-Mar-20,Texas,Houston,1,0
1662940,1-Mar-20,Mississippi,Indianola,1,0
1632254,1-Mar-20,South Carolina,Anderson,1,0
1632100,1-Mar-20,New Mexico,Albuquerque,1,0
1631568,29-Feb-20,Mississippi,Biloxi,1,0
1631336,28-Feb-20,West Virginia,Fairmont,1,0
1630676,27-Feb-20,Missouri,Hazelwood,1,0
1630393,27-Feb-20,Pennsylvania,Tamaqua,1,0
1630175,26-Feb-20,Texas,Joaquin,1,0
1629042,25-Feb-20,Illinois,Chicago,1,4
1629795,25-Feb-20,Alabama,Birmingham (Irondale),1,0
1629261,25-Feb-20,Florida,Jacksonville,1,0
1629234,25-Feb-20,Florida,Titusville,1,1
1672810,24-Feb-20,Florida,Tampa (Temple Terrace),1,0
1627699,23-Feb-20,Tennessee,Memphis,1,0
1628048,23-Feb-20,Texas,Llano,1,0
1627025,22-Feb-20,Arizona,Phoenix,1,0
1626860,21-Feb-20,Florida,Kissimmee,1,0
1625658,20-Feb-20,Arkansas,Texarkana,1,0
1626163,20-Feb-20,Iowa,Holy Cross,1,0
1625892,20-Feb-20,Florida,Brooksville,1,0
1622731,16-Feb-20,Tennessee,Memphis,1,0
1623513,16-Feb-20,Ohio,Toledo,1,0
1669567,16-Feb-20,Texas,Houston,1,0
1623097,16-Feb-20,Kentucky,Dunmor,1,0
1624470,16-Feb-20,Georgia,Lexington,2,0
1622792,16-Feb-20,Oklahoma,Oklahoma City (Midwest City),1,0
1622324,15-Feb-20,California,Santa Clarita,1,0
1623353,15-Feb-20,Virginia,Waynesboro,1,0
1621936,14-Feb-20,Georgia,Lagrange,1,1
1620904,13-Feb-20,Florida,Leesburg,1,0
1622113,13-Feb-20,Ohio,Youngstown (Boardman),1,0
1620073,12-Feb-20,New York,New York (Manhattan),1,0
1620311,12-Feb-20,Nebraska,Omaha,1,0
1620365,11-Feb-20,Minnesota,Mahnomen,1,0
1619553,9-Feb-20,Louisiana,Chalmette,1,0
1617744,9-Feb-20,Pennsylvania,Pittsburgh,1,0
1616601,7-Feb-20,New Jersey,Browns Mills,1,0
1616774,7-Feb-20,Louisiana,Shreveport,1,0
1616720,6-Feb-20,California,Davis,1,0
1615948,6-Feb-20,South Carolina,Pendleton,1,1
2084581,5-Feb-20,Kentucky,Ransom,1,0
1614953,4-Feb-20,Michigan,Detroit,1,0
1614650,4-Feb-20,Wisconsin,Milwaukee,1,0
1612411,2-Feb-20,Alabama,Harvest,1,0
1613176,2-Feb-20,Ohio,Cincinnati,1,0
1613427,2-Feb-20,South Carolina,Myrtle Beach,1,0
1612699,1-Feb-20,Ohio,Hinckley,1,0
1611420,1-Feb-20,Virginia,Richmond,1,0
1611651,1-Feb-20,Tennessee,Jackson,1,0
1611369,31-Jan-20,Texas,Clyde,1,0
1609445,30-Jan-20,Pennsylvania,Philadelphia,1,0
1609952,30-Jan-20,Alabama,Mobile,1,0
1609115,28-Jan-20,North Carolina,Graham,1,0
1608944,28-Jan-20,Washington,Spokane,1,0
1605978,26-Jan-20,Ohio,Pataskala,1,0
1607335,26-Jan-20,Ohio,Akron,1,0
1605309,25-Jan-20,Louisiana,Baton Rouge,1,0
1605571,25-Jan-20,Ohio,Newark,1,0
1604701,23-Jan-20,Arizona,Dewey,1,0
1603720,22-Jan-20,Louisiana,Leonville,1,0
1604307,22-Jan-20,Georgia,Macon,1,0
1603395,22-Jan-20,Texas,San Antonio,1,0
1604228,22-Jan-20,Texas,Longview,1,0
1603241,22-Jan-20,Washington,Seattle,1,7
1602038,20-Jan-20,Wisconsin,Milwaukee,1,0
1600952,20-Jan-20,North Carolina,Concord,1,0
1600999,19-Jan-20,Tennessee,Memphis,1,0
1601442,19-Jan-20,Indiana,Bloomington,1,1
1598980,17-Jan-20,Texas,San Antonio,1,0
1600521,17-Jan-20,Georgia,Columbus,1,0
1602470,17-Jan-20,California,Macdoel,1,0
1597263,15-Jan-20,Massachusetts,Lawrence,1,0
1596276,14-Jan-20,Texas,Bellaire,1,0
1596266,12-Jan-20,Florida,Warrington,1,0
1594045,11-Jan-20,California,Fresno,1,0
1594264,11-Jan-20,North Carolina,Sanford,1,0
1592355,8-Jan-20,Kentucky,Lexington,1,0
1589541,6-Jan-20,Maryland,Baltimore,1,0
1589132,5-Jan-20,Missouri,Saint Louis,1,0
1588858,4-Jan-20,Tennessee,Cordova,1,0
1588530,3-Jan-20,Maryland,Park Hall,1,0
1585484,1-Jan-20,Virginia,Richmond,1,0
1586315,1-Jan-20,South Carolina,Walterboro,2,0
1598354,1-Jan-20,Tennessee,Hermitage,1,0
1585503,1-Jan-20,Virginia,Richmond,1,0
1585419,1-Jan-20,Texas,Houston,1,0
1586238,1-Jan-20,Maryland,Hyattsville (Landover Hills),1,0
1585741,1-Jan-20,Ohio,Cleveland,1,0
1585456,31-Dec-19,Tennessee,Savannah,1,0
1583856,29-Dec-19,Oklahoma,Tulsa,1,0
1582882,28-Dec-19,Missouri,Saint Louis,1,0
1580445,25-Dec-19,Texas,Buna,1,0
1580278,24-Dec-19,Alabama,Monroeville,1,0
1577876,22-Dec-19,Texas,Dallas,1,0
1577156,21-Dec-19,Texas,San Antonio,1,0
1577786,21-Dec-19,California,San Diego,1,0
1578303,21-Dec-19,California,Redding,1,0
1577046,20-Dec-19,Mississippi,Waynesboro,1,6
1577363,19-Dec-19,Texas,Austin,1,0
1575830,19-Dec-19,Georgia,Cairo,1,0
1576476,18-Dec-19,Maine,Medway,1,0
1575325,18-Dec-19,Texas,Dallas,1,2
1572059,14-Dec-19,Ohio,Sandusky,1,0
1572029,14-Dec-19,Ohio,Pataskala,1,0
1573283,13-Dec-19,Illinois,Crest Hill,1,0
1599014,13-Dec-19,California,San Jose,1,0
1571231,13-Dec-19,Arizona,Scottsdale,1,0
1571392,13-Dec-19,Florida,Lithia,1,0
1574918,12-Dec-19,Pennsylvania,Warren (county),1,0
1570510,12-Dec-19,Tennessee,Nashville,1,0
1570654,11-Dec-19,Florida,Naples,1,0
1571092,10-Dec-19,Texas,Houston,1,0
1567437,8-Dec-19,Tennessee,Memphis,1,0
1566963,7-Dec-19,New York,Brooklyn,1,0
1564937,5-Dec-19,Florida,Coral Gables,4,1
1565292,5-Dec-19,Illinois,Decatur,1,0
1563677,2-Dec-19,Ohio,Lorain,1,0
1566391,2-Dec-19,Arizona,Payson,1,0
1563712,2-Dec-19,Pennsylvania,Tyrone,1,0
1563695,1-Dec-19,Pennsylvania,Philadelphia,1,0
1562043,1-Dec-19,Louisiana,Cotton Valley,2,3
1562990,1-Dec-19,Tennessee,Shelbyville,1,0
1561428,29-Nov-19,Tennessee,Memphis,1,0
1561284,29-Nov-19,Texas,Abilene,1,0
1560557,28-Nov-19,Maine,Van Buren,1,0
1560553,28-Nov-19,South Carolina,Springfield,1,0
1560369,28-Nov-19,Virginia,Hopewell,1,0
1559714,27-Nov-19,Texas,Houston,1,0
1559859,27-Nov-19,California,Fresno,1,0
1559758,27-Nov-19,Texas,Houston,1,0
1559906,26-Nov-19,Indiana,Marion,1,0
1558906,25-Nov-19,Florida,Homestead,2,0
1558197,25-Nov-19,Florida,Saint Petersburg,1,0
1558811,25-Nov-19,Texas,Dallas,1,0
1556110,23-Nov-19,Virginia,Waynesboro,1,0
1562185,23-Nov-19,Pennsylvania,Conneaut Lake,1,0
1556629,23-Nov-19,Illinois,Peoria,1,2
1556829,23-Nov-19,Texas,Fort Worth,1,0
1555823,22-Nov-19,Georgia,Lithonia,1,0
1555673,22-Nov-19,Mississippi,Jackson,1,0
1553904,20-Nov-19,Missouri,Saint Louis,1,0
1554251,20-Nov-19,California,Los Angeles,1,0
1553858,19-Nov-19,Mississippi,Jackson,1,0
1553173,19-Nov-19,Texas,San Antonio,1,0
1552316,18-Nov-19,Ohio,Steubenville (Wintersville),1,0
1551972,17-Nov-19,Missouri,Baring,1,0
1551411,17-Nov-19,New York,Frankfort,1,0
1553489,17-Nov-19,Pennsylvania,Union City,1,0
1551098,16-Nov-19,South Carolina,Pickens,1,0
1550315,15-Nov-19,South Carolina,Lancaster,1,0
1550449,15-Nov-19,Indiana,Elkhart,1,0
1550200,14-Nov-19,Washington,Marysville,1,0
1548518,13-Nov-19,Arkansas,Fort Smith,1,0
1547956,12-Nov-19,New Mexico,Albuquerque,1,0
1546480,11-Nov-19,Pennsylvania,Philadelphia,1,0
1547323,11-Nov-19,South Carolina,Greenwood,1,0
1547735,9-Nov-19,Kansas,Arkansas City,1,0
1545423,8-Nov-19,Tennessee,Crossville,1,0
1544990,8-Nov-19,Florida,Miami (Cutler Bay),1,0
1543208,6-Nov-19,Minnesota,Saint Paul,1,0
1543714,6-Nov-19,Massachusetts,Easton,1,0
1543478,6-Nov-19,Illinois,Chicago,1,0
1543427,5-Nov-19,Alaska,Anchorage,1,0
1542476,4-Nov-19,Missouri,Warrensburg,1,0
1541266,3-Nov-19,Florida,Indiantown,1,0
1541309,2-Nov-19,New York,Penfield,1,0
1540873,2-Nov-19,Texas,Cedar Hill,1,0
1539793,1-Nov-19,Kentucky,Louisville,1,0
1539761,1-Nov-19,Texas,Houston,1,0
1539159,30-Oct-19,Texas,Conroe,1,0
1538996,30-Oct-19,Georgia,Duluth,1,0
1539595,30-Oct-19,Mississippi,Hattiesburg,1,0
1535859,27-Oct-19,Alabama,Attalla,1,1
1536955,27-Oct-19,Colorado,Colorado Springs,1,0
1535185,26-Oct-19,New York,Corona (Queens),1,0
1535028,26-Oct-19,Michigan,Battle Creek,1,0
1535085,25-Oct-19,Arkansas,Springdale,1,0
1533271,23-Oct-19,Arkansas,Arkadelphia,1,0
1535476,23-Oct-19,Utah,Willard,1,0
1533610,23-Oct-19,Indiana,Mooresville,1,0
1532400,21-Oct-19,Texas,Fort Worth,1,0
1531818,21-Oct-19,Michigan,Coopersville,1,0
1531137,20-Oct-19,Virginia,Richmond,1,0
1531412,20-Oct-19,Wisconsin,Milwaukee,1,0
1531010,20-Oct-19,Texas,San Antonio,1,0
1531661,20-Oct-19,Michigan,Lansing,1,0
1530965,20-Oct-19,Texas,Port Arthur,1,3
1531121,20-Oct-19,Illinois,Chicago,1,0
1531063,19-Oct-19,Missouri,Columbia,1,0
1542057,19-Oct-19,Ohio,Cincinnati,1,0
1528713,17-Oct-19,Indiana,Mooresville,1,0
1526761,14-Oct-19,Louisiana,Ethel,1,0
1526131,13-Oct-19,Tennessee,Nashville,1,0
1526320,12-Oct-19,Oregon,Scappoose,1,0
1523848,10-Oct-19,Tennessee,Ridgetop,1,0
1522917,8-Oct-19,Maine,Eustis,1,0
1523339,8-Oct-19,Montana,Ronan,1,0
1522472,8-Oct-19,Texas,Lubbock,1,0
1527348,6-Oct-19,Wisconsin,Marinette (county),1,0
1521090,6-Oct-19,New Jersey,Paterson,1,0
1520520,6-Oct-19,California,Fresno,1,0
1520107,5-Oct-19,Alabama,Friendship,1,0
1521125,5-Oct-19,South Carolina,Hanahan,1,0
1519354,4-Oct-19,Indiana,Indianapolis,1,0
1518529,3-Oct-19,Georgia,Atlanta,1,0
1517767,2-Oct-19,Georgia,Decatur,1,0
1517546,2-Oct-19,Florida,Gulf Breeze,1,0
1517049,1-Oct-19,New York,Corona (Queens),1,0
1515980,30-Sep-19,North Carolina,Charlotte,1,0
1515339,29-Sep-19,Rhode Island,Providence,1,1
1515403,29-Sep-19,New Mexico,Albuquerque,1,0
1515518,28-Sep-19,Illinois,Mundelein,1,0
1514898,28-Sep-19,Texas,San Antonio,1,0
1516320,28-Sep-19,Pennsylvania,Waynesburg,1,0
1515030,28-Sep-19,Georgia,Brunswick,1,0
1514922,27-Sep-19,Ohio,Columbus,1,0
1514363,26-Sep-19,North Carolina,Winston Salem (Winston-salem),1,0
1512772,25-Sep-19,Texas,Spring,1,0
1511907,24-Sep-19,Missouri,Kansas City (Gladstone),1,0
1608875,22-Sep-19,Kentucky,Covington,1,0
1511135,22-Sep-19,Illinois,Decatur,1,0
1509915,21-Sep-19,New York,Newburgh,1,1
1509367,20-Sep-19,Louisiana,Baton Rouge,1,0
1508756,19-Sep-19,Wisconsin,Milwaukee,1,0
1506553,17-Sep-19,Wisconsin,Reeseville,1,0
1504579,15-Sep-19,Texas,Arlington,1,1
1504619,15-Sep-19,Texas,Fort Worth,1,0
1505334,15-Sep-19,Michigan,Detroit,1,0
1503927,14-Sep-19,Kentucky,Louisville,1,0
1502475,12-Sep-19,Missouri,Saint Louis,1,0
1502851,12-Sep-19,Florida,Lake Worth (Palm Springs),1,0
1501152,10-Sep-19,Pennsylvania,Philadelphia,1,1
1501228,10-Sep-19,Iowa,Fort Dodge,1,0
1500260,9-Sep-19,Massachusetts,Auburn,1,0
1499671,8-Sep-19,Michigan,Grand Rapids,1,0
1499567,8-Sep-19,Pennsylvania,Pittsburgh,1,0
1499224,7-Sep-19,Washington,Lynnwood,1,0
1501194,6-Sep-19,Washington,Selah,1,0
1498337,5-Sep-19,California,Visalia,1,0
1496835,4-Sep-19,Connecticut,Danbury,1,0
1497036,4-Sep-19,Tennessee,Memphis,1,1
1494737,2-Sep-19,California,Oakland,1,0
1494294,1-Sep-19,Louisiana,Shreveport,1,0
1494530,1-Sep-19,Mississippi,Carriere,1,0
1495103,1-Sep-19,Alabama,Geneva,1,0
1494302,1-Sep-19,Louisiana,Lafayette,1,0
1498326,31-Aug-19,Illinois,Galesburg,1,0
1491718,29-Aug-19,Michigan,Detroit,1,1
1490546,28-Aug-19,Virginia,Petersburg,1,0
1489985,27-Aug-19,Illinois,Dolton,1,0
1490936,27-Aug-19,Louisiana,Marrero,1,0
1489112,27-Aug-19,Tennessee,Rockwood,1,0
1488879,26-Aug-19,Pennsylvania,Gordon,1,0
1488733,26-Aug-19,Texas,Fort Worth,1,0
1488638,26-Aug-19,Pennsylvania,Gordon,1,0
1490607,25-Aug-19,Alabama,Huntsville,1,0
1487550,24-Aug-19,Florida,Daytona Beach,1,0
1486568,23-Aug-19,Alabama,Birmingham (Tarrant),1,0
1486759,23-Aug-19,Idaho,Boise,1,0
1486893,23-Aug-19,Florida,Tallahassee,1,0
1485322,21-Aug-19,Illinois,Dolton,1,0
1483899,20-Aug-19,Pennsylvania,York,1,0
1483844,19-Aug-19,Minnesota,Saint Paul,1,0
1482238,18-Aug-19,Florida,Miami (Cutler Bay),1,0
1481936,17-Aug-19,California,Poway,1,0
1482469,17-Aug-19,Oklahoma,Clinton,1,0
1481679,17-Aug-19,Kansas,Topeka,1,0
1482423,17-Aug-19,Ohio,Cincinnati,1,0
1481968,16-Aug-19,Texas,Fort Worth,1,0
1481415,16-Aug-19,Alabama,Montgomery,1,0
1479992,14-Aug-19,West Virginia,Nitro,1,0
1481097,14-Aug-19,Arizona,Phoenix,1,0
1480024,14-Aug-19,Utah,Saint George (St George),1,0
1479182,14-Aug-19,Texas,Dallas,1,0
1485063,12-Aug-19,Nevada,Las Vegas,1,0
1477032,11-Aug-19,Michigan,Lansing,1,0
1476537,11-Aug-19,Ohio,Cincinnati,1,1
1475708,10-Aug-19,Ohio,Fairfield,1,0
1473393,8-Aug-19,Kansas,Olathe,1,0
1474852,8-Aug-19,Illinois,Bensenville,1,0
1473306,6-Aug-19,New York,Bronx,1,0
1470479,5-Aug-19,Alabama,Tuscaloosa,1,2
1469267,4-Aug-19,Louisiana,Monroe,1,0
1465898,2-Aug-19,Virginia,Colonial Heights,1,0
1465473,1-Aug-19,Texas,Arlington,1,0
1465536,1-Aug-19,Montana,Toston,1,0
1466528,1-Aug-19,Arkansas,Little Rock,1,0
1464941,30-Jul-19,Arizona,Tucson,1,0
1462854,30-Jul-19,Arizona,Tucson,1,0
1462610,29-Jul-19,Pennsylvania,Columbia,1,0
1461110,28-Jul-19,Illinois,Chicago,1,0
1462286,27-Jul-19,Alaska,Marshall,1,0
1459239,26-Jul-19,Illinois,Aurora,1,0
1460198,26-Jul-19,Texas,Jasper,1,0
1457269,25-Jul-19,New Jersey,Atlantic City,1,0
1457258,24-Jul-19,Texas,San Antonio,1,0
1456902,24-Jul-19,Texas,San Antonio,1,0
1457108,24-Jul-19,Ohio,Harrison,1,0
1455368,22-Jul-19,Georgia,Athens,1,0
1453968,21-Jul-19,Louisiana,Winnsboro,1,0
1453856,21-Jul-19,Virginia,Petersburg,1,1
1453343,21-Jul-19,Maryland,Woodbine,1,0
1455113,21-Jul-19,Mississippi,Woodland,1,0
1453186,20-Jul-19,Missouri,Saint Louis,1,0
1453388,20-Jul-19,Texas,Houston,1,0
1453316,20-Jul-19,Mississippi,Columbus,1,0
1455031,19-Jul-19,Oklahoma,Oklahoma City,1,0
1453955,18-Jul-19,Texas,Livingston (Segno),1,0
1450581,17-Jul-19,Illinois,Shelbina,1,0
1449886,17-Jul-19,Texas,Channelview,2,0
1450859,17-Jul-19,Missouri,Shelbina,1,0
1447821,14-Jul-19,Colorado,Aurora,1,0
1447491,14-Jul-19,Arizona,Chandler,1,0
1446409,12-Jul-19,Texas,Spring,1,0
1446499,11-Jul-19,Michigan,Ypsilanti,1,0
1442417,8-Jul-19,California,San Francisco,1,0
1441469,7-Jul-19,Indiana,East Chicago,1,1
1442733,6-Jul-19,Montana,Helena,1,0
1440596,6-Jul-19,Utah,Payson,2,0
1444493,6-Jul-19,Indiana,Kendallville,1,0
1439323,2-Jul-19,Arizona,Phoenix,1,0
1437995,2-Jul-19,Washington,Federal Way,1,0
1437834,30-Jun-19,Arizona,Paulden,1,0
1437037,30-Jun-19,Louisiana,Lafayette,1,0
1434639,28-Jun-19,Louisiana,Shreveport,1,0
1436602,28-Jun-19,West Virginia,Junior,1,0
1437559,28-Jun-19,Mississippi,Ellisville,1,0
1433166,26-Jun-19,Kentucky,Kimper,1,0
1430164,24-Jun-19,Tennessee,Memphis,1,0
1431541,24-Jun-19,California,San Bernardino,1,0
1429406,23-Jun-19,Mississippi,Jackson,1,0
1428280,21-Jun-19,Texas,Katy,1,0
1427218,20-Jun-19,South Carolina,Greenville,1,0
1427181,19-Jun-19,Indiana,South Bend,1,0
1426296,19-Jun-19,Oregon,Portland,1,0
1429770,18-Jun-19,Wisconsin,Milwaukee,1,0
1424395,17-Jun-19,Wisconsin,Kenosha,1,0
1423526,16-Jun-19,Alabama,Birmingham,1,2
1424925,16-Jun-19,Texas,San Angelo,1,0
1421241,12-Jun-19,Georgia,Gray,1,0
1419559,11-Jun-19,Kentucky,Rocky Hill,1,0
1419834,10-Jun-19,Mississippi,Horn Lake,1,1
1419431,10-Jun-19,South Carolina,North Charleston,1,0
1418975,9-Jun-19,Alabama,Tuscaloosa,1,0
1418818,9-Jun-19,Idaho,Montpelier,1,0
1418384,8-Jun-19,North Carolina,Kannapolis,1,0
1417620,7-Jun-19,West Virginia,Lewisburg,1,0
1418578,7-Jun-19,Wisconsin,Wausau,1,0
1416972,7-Jun-19,Arizona,Tucson (Tuscon),1,0
1417080,7-Jun-19,Texas,Lubbock,1,0
1415323,6-Jun-19,Ohio,Columbus,1,1
1419903,3-Jun-19,Texas,Inez,1,0
1413663,2-Jun-19,Oklahoma,Byars,1,0
1413510,2-Jun-19,Tennessee,Greeneville,1,0
1412302,1-Jun-19,Maryland,Ellicott City,1,0
1410916,31-May-19,Oklahoma,Edmond,1,0
1409965,30-May-19,South Carolina,Sumter,1,0
1410011,30-May-19,Mississippi,Pearl,1,0
1408146,28-May-19,Mississippi,Laurel,1,0
1407338,27-May-19,Florida,Tallahassee,1,0
1408646,27-May-19,Arizona,Phoenix,1,0
1406147,27-May-19,Florida,Pensacola,1,1
1406974,27-May-19,Georgia,Savannah,1,0
1455974,26-May-19,Alabama,Talladega,1,0
1406563,26-May-19,Arizona,Tucson,1,0
1405954,26-May-19,Virginia,Richmond,1,2
1410272,26-May-19,Florida,Valrico,1,0
1412206,26-May-19,Washington,Toppenish,1,0
1404771,25-May-19,Tennessee,Memphis,1,0
1405012,25-May-19,Louisiana,Baton Rouge,1,0
1405583,25-May-19,Kentucky,Bardstown,1,0
1402529,21-May-19,Ohio,Belle Valley,1,0
1399436,19-May-19,South Carolina,Greenville,1,0
1398159,17-May-19,Missouri,Kansas City,1,0
1398153,17-May-19,Arkansas,Little Rock,1,0
1398927,16-May-19,Oklahoma,Calera,1,0
1395723,15-May-19,Ohio,Toledo,1,0
1395374,14-May-19,Missouri,Kansas City,1,0
1400050,13-May-19,Illinois,Chicago,1,0
1393281,12-May-19,California,Fresno,1,0
1393162,12-May-19,Ohio,Toledo,1,0
1392942,12-May-19,Montana,Billings,1,0
1392351,11-May-19,Tennessee,Antioch,1,0
1394434,11-May-19,Texas,Victoria,1,0
1395097,11-May-19,Tennessee,Jackson,1,0
1392543,11-May-19,Illinois,Champaign,1,1
1392677,11-May-19,Idaho,Idaho Falls,1,0
1390919,9-May-19,Arizona,Phoenix,1,0
1390793,8-May-19,Florida,Riverview,1,0
1387642,5-May-19,Wisconsin,Milwaukee,1,0
1387125,4-May-19,Illinois,Venice,1,1
1387168,4-May-19,Illinois,Centralia,1,0
1388834,3-May-19,Georgia,Covington,1,0
1385486,2-May-19,Texas,Lufkin,1,0
1384330,29-Apr-19,Arizona,Yuma,1,0
1381613,27-Apr-19,Massachusetts,Great Barrington,1,0
1380603,25-Apr-19,Indiana,Gary,1,0
1376917,20-Apr-19,Ohio,Cleveland,1,0
1377378,20-Apr-19,Mississippi,Natchez,1,0
1376919,19-Apr-19,Michigan,Stevensville,1,0
1378446,19-Apr-19,Florida,Fort Lauderdale (Lauderhill),1,0
1372960,15-Apr-19,Tennessee,Etowah,1,0
1370948,14-Apr-19,Missouri,Saint Louis,1,0
1371035,14-Apr-19,New York,Syracuse,1,0
1372315,13-Apr-19,New York,Yonkers,1,0
1370591,13-Apr-19,North Carolina,Rocky Mount,1,0
1370974,13-Apr-19,Kentucky,Lawrenceburg,1,0
1371988,13-Apr-19,Texas,Colorado City,1,0
1370249,13-Apr-19,Alabama,Birmingham (Vestavia Hills),1,1
1370281,13-Apr-19,Alabama,Montgomery,1,0
1370287,12-Apr-19,Texas,Fort Worth,1,0
1368140,10-Apr-19,Oklahoma,Tulsa,1,0
1366615,8-Apr-19,Georgia,Dallas,1,0
1368008,7-Apr-19,Mississippi,Indianola,1,0
1365495,7-Apr-19,Maryland,Fort Washington,1,0
1364591,5-Apr-19,Alabama,Birmingham,1,0
1363434,4-Apr-19,Mississippi,Tunica,1,0
1362942,3-Apr-19,Virginia,Richmond (North Chesterfield),1,0
1364291,3-Apr-19,Indiana,Gary,1,0
1362434,2-Apr-19,New Mexico,Albuquerque,1,0
1360750,31-Mar-19,Texas,Belton,1,0
1359562,30-Mar-19,Georgia,Norcross,1,0
1360810,30-Mar-19,Kansas,Concordia,1,0
1354947,25-Mar-19,New York,Buffalo,1,0
1354713,24-Mar-19,Iowa,Montrose,1,0
1383237,24-Mar-19,Utah,Salt Lake City,1,0
1352829,22-Mar-19,Arkansas,Springdale,1,0
1354026,22-Mar-19,North Carolina,Fayetteville,1,0
1353439,22-Mar-19,Arizona,Phoenix,1,0
1352207,20-Mar-19,Ohio,Mansfield,1,0
1356292,20-Mar-19,Mississippi,Picayune,1,0
1351519,19-Mar-19,Texas,Tomball (The Woodlands),1,0
1349563,18-Mar-19,Utah,Salt Lake City (Kearns),1,0
1350746,18-Mar-19,Texas,Spring,1,0
1348185,16-Mar-19,Florida,Miami Gardens,1,0
1348026,15-Mar-19,Tennessee,Nashville,1,0
1347968,15-Mar-19,Nevada,Las Vegas,1,0
1347878,14-Mar-19,Mississippi,Greenville,1,0
1346113,13-Mar-19,Texas,Houston,1,0
1345043,11-Mar-19,Virginia,Evington,1,0
1343682,9-Mar-19,Michigan,Detroit,1,0
1343015,9-Mar-19,Louisiana,New Orleans,1,0
1343223,9-Mar-19,New Jersey,Barnegat,1,0
1343205,9-Mar-19,Illinois,Chicago,1,0
1347871,9-Mar-19,Mississippi,Greenwood,1,0
1342924,8-Mar-19,Georgia,Douglasville,1,0
1341626,7-Mar-19,West Virginia,Huntington,1,0
1340335,5-Mar-19,Texas,Midland,1,0
1340440,4-Mar-19,Missouri,Saint Louis,1,0
1336645,26-Feb-19,South Dakota,Rapid City,1,0
1334155,24-Feb-19,Ohio,Niles,1,0
1333774,23-Feb-19,South Carolina,North Charleston,1,0
1331403,20-Feb-19,South Carolina,Spartanburg,1,0
1331529,19-Feb-19,Oregon,Unity,1,0
1329984,18-Feb-19,Indiana,Richmond,1,0
1329406,17-Feb-19,Iowa,Davenport,1,0
1326968,13-Feb-19,Louisiana,Marrero,1,0
1323311,9-Feb-19,Texas,Houston,1,0
1323697,9-Feb-19,Mississippi,Saucier,2,0
1323453,9-Feb-19,Alabama,Troy,1,0
1322043,7-Feb-19,South Carolina,Greer,1,0
1320361,5-Feb-19,Texas,Fort Worth,1,0
1320271,5-Feb-19,Utah,Salt Lake City (West Valley City),1,0
1321354,5-Feb-19,Georgia,Waleska,1,0
1318461,3-Feb-19,Georgia,Harlem,1,0
1318649,3-Feb-19,California,Firebaugh,1,0
1322220,1-Feb-19,New York,Putnam Valley,1,0
1314249,27-Jan-19,Iowa,Lincoln,1,0
1313441,27-Jan-19,Texas,Spring,1,0
1309738,24-Jan-19,Missouri,Saint Louis,1,0
1308070,22-Jan-19,New York,Syracuse,1,0
1309745,22-Jan-19,Ohio,Alliance,1,0
1308482,22-Jan-19,Texas,Houston,1,0
1308241,21-Jan-19,Virginia,Hanover (Mangohick),1,0
1307368,21-Jan-19,Kansas,Wichita,1,0
1306428,20-Jan-19,Michigan,Roscommon (county),1,0
1306011,19-Jan-19,Texas,Houston,1,0
1308718,19-Jan-19,Texas,Temple,2,0
1306395,19-Jan-19,Florida,Jacksonville,1,0
1306941,19-Jan-19,South Carolina,Allendale,1,0
1305643,19-Jan-19,Texas,Houston,1,0
1304982,18-Jan-19,Alabama,Bay Minette,1,0
1304673,17-Jan-19,South Carolina,Chesnee,1,0
1305283,17-Jan-19,Illinois,Romeoville,1,0
1303798,16-Jan-19,Mississippi,Florence,1,0
1314478,16-Jan-19,Pennsylvania,Levittown,1,0
1305697,16-Jan-19,Georgia,Atlanta,1,0
1305254,16-Jan-19,North Carolina,Granite Falls,1,0
1302992,16-Jan-19,Texas,Houston,1,0
1300600,14-Jan-19,Florida,Altamonte Springs,1,0
1301688,13-Jan-19,Alabama,Orrville,1,0
1299432,12-Jan-19,Oregon,Bend,1,0
1299668,12-Jan-19,Louisiana,New Orleans,1,0
1297524,10-Jan-19,Tennessee,Madison,1,0
1296573,8-Jan-19,Virginia,Bedford,1,0
1295963,7-Jan-19,Alabama,Toney,1,0
1295161,6-Jan-19,Alabama,Dadeville,1,0
1356860,6-Jan-19,California,San Jose,1,0
1293992,5-Jan-19,Oklahoma,Tulsa,1,0
1291882,3-Jan-19,Kentucky,Henderson,1,0
1292019,3-Jan-19,Georgia,Augusta,1,0
1289551,1-Jan-19,District of Columbia,Washington,1,0
1289802,1-Jan-19,Indiana,Gary,1,0
1289271,31-Dec-18,Georgia,Lawrenceville,2,0
1289265,30-Dec-18,Missouri,Saint Louis,1,0
1288497,30-Dec-18,Texas,Dallas,1,0
1299646,30-Dec-18,California,Nipomo,1,0
1286304,26-Dec-18,Mississippi,Goodman,1,0
1286417,26-Dec-18,Florida,Lake City,1,0
1284928,25-Dec-18,West Virginia,Montana Mines,1,0
1283079,23-Dec-18,Florida,Saint Petersburg,1,0
1294928,22-Dec-18,Colorado,Rocky Ford,1,0
1282886,22-Dec-18,Texas,San Antonio,1,0
1282603,22-Dec-18,South Carolina,Gresham,1,0
1287865,21-Dec-18,Missouri,Newtown,1,0
1281105,20-Dec-18,Tennessee,Memphis,1,0
1281382,19-Dec-18,Missouri,Columbia,1,0
1280326,18-Dec-18,Pennsylvania,Lehighton,1,0
1278429,16-Dec-18,Kentucky,Bowling Green,1,0
1283283,16-Dec-18,North Carolina,Carthage (Whispering Pines),1,0
1280781,15-Dec-18,Oklahoma,Bartlesville,1,0
1278409,15-Dec-18,Texas,Houston,1,0
1278778,14-Dec-18,Missouri,Florissant,1,0
1277231,14-Dec-18,Mississippi,Waynesboro,1,0
1277643,14-Dec-18,California,Bakersfield,1,0
1277170,14-Dec-18,Michigan,Roseville,1,0
1277695,14-Dec-18,Louisiana,Alexandria,1,0
1275012,11-Dec-18,Illinois,Round Lake,1,0
1274111,10-Dec-18,Louisiana,Lafayette,1,0
1273730,10-Dec-18,Tennessee,Nashville,1,1
1273720,9-Dec-18,Iowa,Pella,1,0
1274244,9-Dec-18,New York,Waverly,1,0
1273747,9-Dec-18,Iowa,Otley,1,0
1275310,9-Dec-18,Iowa,Urbandale,1,0
1273048,9-Dec-18,Oklahoma,Tulsa,1,0
1272272,8-Dec-18,Pennsylvania,New Castle,1,0
1275429,8-Dec-18,Illinois,Danville,1,0
1271590,6-Dec-18,Florida,Hilliard,1,0
1269978,5-Dec-18,Virginia,Ivor,1,0
1271151,4-Dec-18,Texas,Dallas,1,0
1269471,3-Dec-18,Illinois,East Saint Louis,1,0
1333192,3-Dec-18,Louisiana,Leesville,1,0
1274252,2-Dec-18,Minnesota,Saint Paul,1,0
1267974,1-Dec-18,Colorado,Colorado Springs,1,0
1266905,30-Nov-18,Arkansas,Little Rock,1,0
1267534,30-Nov-18,Washington,Edmonds,1,0
1266173,29-Nov-18,Indiana,Lebanon,1,0
1265736,28-Nov-18,Ohio,Akron,1,1
1263209,25-Nov-18,Ohio,Ashtabula,1,0
1264802,24-Nov-18,Oregon,Harrisburg,1,0
1262836,24-Nov-18,South Carolina,Anderson,1,0
1262235,24-Nov-18,Alabama,Tuscaloosa,1,0
1260953,22-Nov-18,Georgia,Savannah,1,0
1261110,21-Nov-18,Florida,Homosassa Springs,1,0
1260484,21-Nov-18,Montana,Billings,1,1
1261090,20-Nov-18,North Carolina,Mount Olive,1,0
1258777,19-Nov-18,Colorado,Denver,1,4
1257873,18-Nov-18,North Carolina,Winston Salem (Winston-salem),1,0
1258320,18-Nov-18,Texas,Dallas,1,0
1259582,17-Nov-18,Arkansas,Lamar,1,0
1259687,17-Nov-18,Texas,Roanoke (Northlake),1,0
1257514,16-Nov-18,Michigan,Mass City,1,0
1256271,15-Nov-18,Georgia,Jonesboro,1,0
1256752,15-Nov-18,Michigan,Alden,1,0
1256731,15-Nov-18,New York,Corinth,1,0
1255632,14-Nov-18,Arizona,Phoenix,1,0
1256230,14-Nov-18,Alabama,Collegeville,1,0
1255061,13-Nov-18,Louisiana,Jackson,1,0
1254561,12-Nov-18,Illinois,Decatur,1,0
1253548,11-Nov-18,Arkansas,Oark,1,0
1308385,11-Nov-18,Missouri,Atlanta,1,0
1253111,11-Nov-18,Idaho,Lapwai,1,0
1252415,10-Nov-18,Nevada,Las Vegas,1,1
1253765,10-Nov-18,Missouri,Walnut Grove,1,0
1253410,10-Nov-18,Louisiana,Slidell,1,0
1252355,10-Nov-18,Missouri,Lewistown,1,0
1253708,10-Nov-18,Minnesota,Becker (county),1,0
1253016,10-Nov-18,Nebraska,Valley,1,0
1252919,9-Nov-18,Tennessee,Cookeville,1,0
1252211,9-Nov-18,New York,Byron,1,0
1251637,8-Nov-18,Arkansas,Camden,1,0
1248514,6-Nov-18,Missouri,Clinton,1,0
1248553,5-Nov-18,Colorado,Granby,1,0
1255784,4-Nov-18,Washington,Spokane,1,0
1247546,4-Nov-18,Alabama,Prattville,1,0
1247630,4-Nov-18,Florida,Oak Hill,1,0
1247542,4-Nov-18,Oregon,Baker City,1,0
1248178,2-Nov-18,Louisiana,Ragley,1,0
1255624,2-Nov-18,Montana,Madison (county),1,0
1245218,1-Nov-18,Colorado,Colorado Springs,1,0
1245110,31-Oct-18,Wisconsin,Milwaukee,1,0
1245028,30-Oct-18,New York,Keene,1,0
1243719,29-Oct-18,Alabama,Fairfield,1,0
1240934,25-Oct-18,West Virginia,Princeton,1,0
1240563,22-Oct-18,Georgia,Lithonia,1,2
1245249,21-Oct-18,Colorado,Colorado Springs,1,0
1238289,21-Oct-18,Montana,Helena,1,0
1238134,21-Oct-18,Tennessee,Saint Joseph,1,0
1563948,19-Oct-18,Wisconsin,Calumet (county),1,0
1238006,19-Oct-18,Ohio,Painesville,1,0
1236881,18-Oct-18,Washington,Ellensburg,2,0
1235835,18-Oct-18,Alabama,Huntsville,1,0
1235182,17-Oct-18,Texas,San Antonio,1,1
1235301,17-Oct-18,Wisconsin,Sussex,1,0
1236272,14-Oct-18,New Jersey,Camden,1,0
1229736,10-Oct-18,North Carolina,Fayetteville,1,0
1228092,8-Oct-18,Virginia,Henrico (Highland Springs),1,0
1228741,8-Oct-18,Ohio,Columbus,1,0
1227604,7-Oct-18,Texas,Waelder,1,0
1236855,7-Oct-18,New York,Gansevoort,1,0
1227183,7-Oct-18,Texas,Dallas,1,0
1227401,7-Oct-18,Ohio,Dublin,1,0
1228329,6-Oct-18,Georgia,Lavonia (Gumlog),1,0
1227383,6-Oct-18,Nebraska,Bellevue,1,0
1226148,5-Oct-18,Ohio,Cincinnati (Mount Healthy),1,0
1225259,3-Oct-18,North Dakota,Bottineau,1,0
1223968,2-Oct-18,Virginia,Hampton,1,0
1225927,1-Oct-18,Tennessee,Memphis,1,0
1221616,30-Sep-18,North Carolina,Winston Salem (Winston-salem),1,0
1226144,30-Sep-18,Tennessee,Memphis,1,1
1222119,30-Sep-18,Idaho,Caldwell,1,0
1221130,30-Sep-18,Texas,Humble (Atascocita),1,0
1220731,29-Sep-18,Georgia,Bonaire,1,0
1222694,29-Sep-18,Alaska,Palmer,1,0
1220909,28-Sep-18,Florida,Taft,1,0
1219905,27-Sep-18,Texas,Rusk,1,0
1563937,26-Sep-18,Wisconsin,Iron (county),1,0
1217275,24-Sep-18,South Carolina,Warrenville,1,0
1218370,24-Sep-18,Hawaii,Pahoa,1,0
1216785,23-Sep-18,Utah,Hyrum,1,0
1215761,22-Sep-18,Arkansas,Little Rock,1,0
1216411,22-Sep-18,Kansas,Manhattan,1,0
1215754,22-Sep-18,Colorado,Grand Junction,1,0
1216441,22-Sep-18,Michigan,Linden,1,0
1213916,19-Sep-18,Illinois,Rockford,1,0
1213277,18-Sep-18,Ohio,Bellevue,1,0
1211994,17-Sep-18,Louisiana,Livingston,1,0
1213889,16-Sep-18,Arkansas,Bono,1,0
1212740,15-Sep-18,California,San Francisco,1,0
1216244,15-Sep-18,Texas,San Antonio,1,0
1209724,13-Sep-18,South Carolina,Anderson,1,0
1207572,10-Sep-18,Arizona,Tempe,1,0
1207208,8-Sep-18,Minnesota,Ashby,1,0
1207136,8-Sep-18,Mississippi,Stringer,1,0
1205158,6-Sep-18,Texas,Dallas,1,0
1203498,4-Sep-18,Kentucky,Smiths Grove,1,0
1203323,4-Sep-18,Colorado,Loveland,1,0
1203994,4-Sep-18,Indiana,Gary,1,0
1203513,3-Sep-18,South Dakota,Sioux Falls,1,0
1202474,2-Sep-18,Illinois,Chicago,1,0
1202290,31-Aug-18,Tennessee,New Union,1,0
1200408,31-Aug-18,Kentucky,Totz,1,0
1457344,31-Aug-18,New York,Otsego (county),1,0
1198884,29-Aug-18,Ohio,Cincinnati (Mount Carmel),1,0
1200749,28-Aug-18,Maryland,Halethorpe (Lansdowne),1,0
1197105,26-Aug-18,Illinois,Kankakee,1,0
1195730,25-Aug-18,Texas,Houston,1,0
1209772,25-Aug-18,Texas,Karnack,1,0
1195513,24-Aug-18,Tennessee,Nashville,1,0
1195590,24-Aug-18,West Virginia,Alderson,1,0
1194265,23-Aug-18,Georgia,Decatur,1,0
1193566,22-Aug-18,New Hampshire,Manchester,1,0
1194262,21-Aug-18,Arkansas,Lake Village,1,0
1194769,21-Aug-18,Tennessee,Clarksville,1,0
1192577,21-Aug-18,Missouri,Saint Louis,1,1
1191978,20-Aug-18,Michigan,Muskegon (Muskegon Heights),1,0
1191389,19-Aug-18,Tennessee,Clarksville,1,0
1191022,19-Aug-18,Texas,Pflugerville,1,0
1189258,17-Aug-18,Louisiana,West Monroe,1,0
1189284,16-Aug-18,Virginia,Richmond,1,0
1187669,15-Aug-18,Kentucky,Louisville,1,0
1188327,15-Aug-18,Ohio,Columbus,1,0
1187868,14-Aug-18,Michigan,Pontiac,1,0
1187662,14-Aug-18,Washington,Seattle (Burien),1,0
1186782,11-Aug-18,Kentucky,Corbin,1,0
1184435,10-Aug-18,Michigan,Detroit,1,0
1183458,9-Aug-18,Ohio,Barberton,1,0
1182592,8-Aug-18,Tennessee,La Follette (LaFollette),1,0
1181667,5-Aug-18,Texas,Weatherford,1,0
1182786,4-Aug-18,Tennessee,Big Rock,1,0
1181773,3-Aug-18,Alabama,Arley,1,0
1178703,3-Aug-18,Delaware,Wilmington,1,0
1178878,2-Aug-18,North Carolina,Winston Salem (Winston-salem),1,0
1178113,1-Aug-18,Georgia,Griffin,1,0
1175444,30-Jul-18,Ohio,Cincinnati,1,0
1175367,28-Jul-18,North Carolina,Hickory,1,0
1176206,28-Jul-18,Georgia,Savannah,1,0
1173778,28-Jul-18,Missouri,Florissant (Black Jack),1,0
1184218,27-Jul-18,North Carolina,Marion,1,0
1173901,27-Jul-18,Arkansas,Benton (Haskell),1,0
1173707,27-Jul-18,Alaska,Anchorage,1,0
1172392,26-Jul-18,Arkansas,Cotton Plant (Maberry),1,0
1171496,24-Jul-18,Maine,Oakland,1,0
1171386,24-Jul-18,Texas,Conroe,1,0
1168857,21-Jul-18,California,Los Angeles,1,3
1167931,20-Jul-18,California,San Bernardino (Muscoy),1,0
1174973,20-Jul-18,Oregon,Klamath (county),1,0
1164273,15-Jul-18,Ohio,Cleveland,1,0
1164650,15-Jul-18,Oklahoma,Bethany,1,0
1164709,14-Jul-18,Michigan,Muskegon (Muskegon Heights),1,0
1163406,13-Jul-18,Indiana,Salem,1,0
1162227,12-Jul-18,Georgia,Warner Robins,1,0
1160765,10-Jul-18,Oklahoma,Oklahoma City,1,0
1161078,10-Jul-18,Texas,Hockley,1,0
1159870,9-Jul-18,Michigan,Pontiac,1,0
1159873,8-Jul-18,Georgia,Columbus,1,0
1159278,8-Jul-18,Texas,Houston,1,0
1159109,7-Jul-18,Missouri,Columbia,1,0
1158586,7-Jul-18,Georgia,Augusta,1,0
1159025,7-Jul-18,California,Fresno,1,0
1157487,5-Jul-18,Washington,Kent (Covington),1,0
1157096,5-Jul-18,New Mexico,Clovis,1,0
1157671,5-Jul-18,Louisiana,Chalmette,1,0
1158181,5-Jul-18,Virginia,Alexandria,1,0
1156728,4-Jul-18,Tennessee,Woodbury,1,0
1156225,4-Jul-18,Colorado,Fort Collins,1,0
1155095,3-Jul-18,Georgia,Roswell,1,1
1155235,2-Jul-18,Tennessee,Chattanooga,1,0
1155641,2-Jul-18,Missouri,Hartville,1,0
1153073,30-Jun-18,Kansas,Wichita,1,0
1158269,30-Jun-18,Mississippi,Carthage,1,0
1153178,29-Jun-18,Texas,Beaumont,1,0
1152717,27-Jun-18,Georgia,Lagrange,1,0
1151896,27-Jun-18,Georgia,Savannah,1,0
1150235,26-Jun-18,Missouri,Monett,1,0
1150652,26-Jun-18,Massachusetts,Dighton,1,0
1148251,23-Jun-18,New York,Bronx,1,0
1148883,23-Jun-18,Louisiana,Oakdale,1,0
1148210,23-Jun-18,North Carolina,Haw River,1,0
1146715,20-Jun-18,Alabama,Lafayette,1,0
1140927,13-Jun-18,Wisconsin,Madison,1,0
1141547,13-Jun-18,South Dakota,Keystone,1,0
1142006,13-Jun-18,Arkansas,Flippin,1,0
1139623,12-Jun-18,Tennessee,Memphis,1,0
1139610,12-Jun-18,Missouri,Saint Joseph,1,0
1140146,11-Jun-18,North Carolina,Taylorsville,1,0
1139997,8-Jun-18,Texas,Big Spring,1,0
1135299,7-Jun-18,Mississippi,Greenville,1,0
1136026,7-Jun-18,Texas,Beaumont,1,0
1136556,7-Jun-18,Oregon,Silver Lake,1,0
1135409,6-Jun-18,Georgia,Riverdale,1,0
1133961,5-Jun-18,Kentucky,Elizabethtown,1,0
1134510,5-Jun-18,Texas,Borger,1,1
1133401,5-Jun-18,Arizona,Glendale,1,0
1133365,4-Jun-18,Ohio,Dayton,1,0
1133028,4-Jun-18,Indiana,Lebanon,1,0
1132211,3-Jun-18,Washington,Bellevue,1,0
1131283,1-Jun-18,Washington,Seattle (Seatac),1,0
1130308,31-May-18,Washington,Federal Way,1,0
1129050,30-May-18,Nevada,Las Vegas,1,0
1129078,29-May-18,Arizona,Tucson,1,0
1133828,29-May-18,Indiana,Indianapolis,0,1
1130737,28-May-18,Iowa,Des Moines,1,0
1128164,27-May-18,Florida,Fort Lauderdale (Dania Beach),1,0
1128125,27-May-18,Washington,Cle Elum,1,0
1126929,27-May-18,Pennsylvania,New Bloomfield,1,0
1126570,26-May-18,Louisiana,Lake Charles (Moss Bluff),1,0
1126206,26-May-18,Illinois,Chicago,1,0
1126217,26-May-18,Utah,Salt Lake City (West Valley City),1,0
1125982,25-May-18,Louisiana,Baton Rouge,1,0
1127197,25-May-18,Pennsylvania,Erie,1,0
1125530,25-May-18,Texas,Magnolia (Stagecoach),1,0
1122852,22-May-18,Virginia,Louisa,1,0
1122946,22-May-18,Virginia,Roanoke,1,0
1128465,22-May-18,Nebraska,Burwell,1,0
1128552,22-May-18,Nebraska,Taylor,1,0
1122304,21-May-18,Alabama,Birmingham,1,0
1121249,19-May-18,Alabama,Dothan,1,0
1150480,19-May-18,Pennsylvania,Lock Haven,1,0
1121021,18-May-18,Oklahoma,Tulsa,1,0
1116879,16-May-18,Florida,Ocala,1,0
1117434,16-May-18,Minnesota,Minneapolis (Plymouth),1,0
1116203,14-May-18,Mississippi,Meridian,1,0
1114713,13-May-18,New Hampshire,Keene,1,0
1115301,13-May-18,California,Santa Cruz,1,0
1115145,13-May-18,Tennessee,Memphis,1,0
1114709,13-May-18,Arizona,Mesa,1,0
1114730,12-May-18,Illinois,Rockford,1,0
1114701,12-May-18,Texas,Rockwall,1,0
1113735,12-May-18,Kansas,Wichita,1,0
1113399,10-May-18,Iowa,Clarksville,1,0
1112133,9-May-18,Texas,Houston,1,1
1111351,9-May-18,West Virginia,Huntington,1,0
1114872,9-May-18,Idaho,Shoshone,1,0
1111756,8-May-18,California,Pacoima (Arleta),1,0
1110883,7-May-18,Michigan,Six Lakes,1,0
1110096,7-May-18,Virginia,Richmond,1,0
1111388,6-May-18,Georgia,Albany,1,0
1108431,4-May-18,South Carolina,Walterboro,1,0
1105472,1-May-18,Texas,Corpus Christi,1,1
1105388,30-Apr-18,Texas,Christine,1,1
1104139,28-Apr-18,Washington,Pe Ell,1,0
1099223,24-Apr-18,Texas,Madisonville,1,0
1099299,24-Apr-18,Alabama,Birmingham,1,0
1111086,21-Apr-18,Colorado,Olathe,1,0
1097005,21-Apr-18,Florida,Deltona,1,0
1096402,20-Apr-18,Ohio,Wickliffe,1,0
1097002,20-Apr-18,Indiana,Bedford,1,0
